,Unnamed: 0,댓글
0,3,80분 걸린다길래 주문취소 하려고 주문내역에 들어가면 계속 최신 정보를 불러오지 못했다고만 로딩반복. 로딩 이미지는 깨져서 나오고 안정적인 네트워크 상황 하에서 새로고침을 눌러도 무한로딩이고 심지어 지금 진행중인 주문내역 정보조차 정확하지 않음. 코로나 때문에 서버가 불안정한건지 뭔지는 모르겠으나 결국엔 취소 못하고 꼼짝없이 기다려 먹게됐네요.
1,4,"음식 하나 시키는데 우리나라 앱들은 1) 국내 번호 필요함. 번호 인증 필수 2) 카드 결제선택시 또 다른 은행앱을 깔고 인증을 한 3번정도 더 해야함... 해외카드로 결제수단은 아예없고 왜 현금결제 옵션도 없나요... 음식하나 시켜먹는데 이렇게 복잡한 나라 우리나라 밖에없습니다 IT강국은 무슨... 왜 핸드폰 번호 인증, 카드인증등 불편하게 스탭이 많나요 앱 사용중에도 UI/UX, front-end 쪽으로도 다 너무 짜증나고 결국 저녁도 못시켜먹음 하... 외국거주자는 방법이 없네요 왜 해외카드는 결제가 안되나요...."
2,5,왜이렇게 업데이트 할때마다 사용하기 점점 불편하게 바뀌는지? 클릭한번 더 해야되고 더 번거롭게 바뀌네요. 일반결제가 기본임에도 저쪽 구석으로 밀려나고 마치 한집배달을 유도하듯 메인에 만들어 놔서 잘못 클릭하면 자꾸 나가서 일반결제를 다시 클릭해야하게 만들어놓더니. 이젠 결제창에 요청사항이나 리뷰이벤트할때 또 클릭해서 하게끔 바뀌었네요. 쓸데없는 짓 정말 잘하네요 배민.
3,6,"배달의 민족앱자체는 만족하나, 식사후 맛 리뷰 평점 자체는 클린하게 이뤄지진 못하는것 같습니다.. 식당입장, 그러니까 업주 입장에서는 높은 별점으로 인한 주문건수를 기대하려 하겠지만, 주문자 입장에서는 맛이 없는 식당들도 대체적으로 4.8점이 넘어 정확한 맛집 탐색이 어렵다는 점에서 앱자체에 대한 평점은 3점으로 남겨 놓습니다.. 즐거운 식사를 항상 추구하고 기대하나 평점에 속아 그러지 못해 이를 애석하게 생각하고 있습니다! 수고하시는 어플리케이션 개발자 여러분들 좋은 아이디어로 참신한 방법을 구안해 내시길 바라며 이만 줄입니다.!"
4,7,장바구니가 너무 불편합니다. 비마트에서 여러가지를 담고 스크롤 올리고 내릴때 살짝 대각선으로 움직이면 배달포장 대용량특가등 좌우로 넘어가 버리고 비마트 항목으로 다시 넘어오면 체크해둔 상태가 아닌 리로딩 되어 맨위로 올라가고 전체선택이 됩니다. 너무 예민해서 살짝만 직선에서 벗어나도 옆 항목으로 가는데 쓸때마다 짜증나더라고요. 위에 배달포장 비마트 대용량특가...등 항목을 눌러서 선택해도 될듯한데 화면을 옆으로 넘길 필요까진 없는듯합니다. 거의 매일 배민 어플 사용하면서 느낀점입니다.
5,8,B마트 이용중인데 언제부턴가 전체선택 버튼이 비활성화되어있습니다. 장바구니에 있는것 중에 원하는걸 구매하려면 체크박스를 해제하면서 스크롤을 내려야하고 화면을 꾹 눌렀다 떼거나 터치를 잘못하면 페이지가 새로고침되고 선택한게 초기화됩니다. 결제 넘어가기전에 선택제품이 뭔지 한번 더 볼 수 있으면 좋겠어요.
6,9,수저포크x 버튼 기본으로 활성화 되어있는거 환경 보호한다고 해놓은거 압니다. 그런데 그거랑 별개로 사용자가 기본설정을 바꿀 수 있게 해줘야지 결제창 껏다가 다시 열면 또 체크되어있어서 조금만 까먹으면 수저없이 밥먹기 일수입니다. 기능을 삭제하는게 아니라 디폴트 설정을 바꿀 수 있게 옵션에 추가해주세요. 저는 직장에서 점심 먹을때 맨손으로 먹기 싫습니다. 이렇게 주문 실수때 젓가락 안받아봤자 결국 먹을 방법이 없어 편의점에서 하나 가져오게 만들 뿐 환경에는 도움이 안됩니다.
7,10,개선이되고 업데이트가 된다는건 불편했던 사항들을 반영하는것 아닌가요? 오히려 더 불편해서 보기가 싫을정도입니다 너무 불편하고 더 조잡스러워 보여요 ; 안보이는 식당은 일일히 검색해서 찾아야하고 찾아야 나오고 그전 버전이 훨씬 편합니다ㅡㅡ
8,11,사용자만 볼 수있는 배달시켰던 가게들에 대한 메모기능?이랑 언제 몇번 먹었다 같은걸 볼수있는 기능같은게 있었으면 좋겠어요. 여러가게에서 배달을 자주 시켜먹는데 조금 시간이 지나면 그가게 음식의 맛이나 재주문할만한 집이었는지 아니었는지 내가 여기서 시켜먹어본 집이었는지 아닌지 기억이 잘 안나요.
9,12,저는 알뜰이나 한집배달이용을 원치않는데 가게검색시에는 가게배달은 선택할수가없네요. 뭔가 언제부턴가 어플이용이 많이 불편해졌습니다. 배민을 제일 많이이용했는데 고객선택이아닌 알뜰이나 한집배달을 유도하는거같아 사용하기 꺼려집니다. 알뜰은 싸지만 음식이 다식어서오고 한집은 배달비면에서 부담인데 참 불편합니다.
10,13,실시간 채팅상담 해결해주지도 못하는데 없는게 나을 것 같음. 결제수단 변경 요청했더니 이미 출발해서 변경이 어렵다고하네요. 본인들 답변 확인이 늦어서 늦게 확인해서 가게에서 이미 출발함. 나몰라라 문의량 많아서 답변이 느려 미안하다는 말만 반복함.... 그리고 이미 출발했어도 재주문하고 라이더는 안잡히게 해서 재처리해줄수있는 기능도 없나봄. 또는 귀찮아서 처리 안해줬나 그럴거면 직접 빠르게 해결할수 있게 가게 번호라도 적어놓던가
11,14,별점 하나도 아까움 ㅎ 배차 관리도 못하고 업주한테든 고객한테든 제대로 된 보상도 없고 채팅으로도 전화로도 상담원 연결 안 될거면 왜 만든건지 ? 등급도 의미 없어진지 오래지만 처음부터 써왔기에 불편한 거 감수하고 계속 사용했는데 도저히 못해먹겠네 망하라고 저주 안 해도 이미 망해가는 듯
12,15,"찜 기능에 폴더로 분류할 수 있는 기능이 있었으면 좋겠습니다. 배달팁이 저렴한 가게, 맛있던 가게, 식사목적, 후식목적 이런 가게들을 다 찜 해놓고 사용하고 있었는데 수가 많아지다보니 구분하는 게 어려워요"
13,16,"왜 배달이 사라지고 자체배달이 생긴걸까요? 이제 알뜰이랑 한집배달만 남은건가요? 일반 배달은 없는건가요? 홈화면을 직접 설정할 수 있는 기능이 있으면 좋을 것 같네요. 그리고 예를들어 치킨을 검색한 후 찜 많은 순으로 하면 중간에 찜갯수가 낮은 가게들은 뭔가요? 찜 많은 순이 찜 많은 순이 아니게 되었어요 광고비를 받아서 한다고 해도 너무 심합니다,,,,"
14,17,편의점 꺼 30분을 기다렸는데 갑자기 기타 사유로 주문이 취소가 됐어요. 평소에 워낙 친절한 매장이라 이게 무슨 일이지 하고 전화를 걸어보려 했는데 그 매장이 아니라 편의점 고객센터로 연결되네요? 심지어 주말이라 고객센터는 받지도 않고..ㅠㅠㅠ 계속 기다렸는데.. 곧 나가야 해서 이제 와서 다른 걸 시킬 수도 없고요 바쁠 수도 있고 재고가 없을 수도 있는 거 다 이해하고 평소에 친절하게 대응했던 매장이라 엄청 화는 안 나요 다만 오래 기다렸으니까 취소할 때는 왜 안되는지 정확한 사유를 말해주셨으면 좋겠어요 그리고 편의점에서 부족한 게 있을 때 부분 취소는 안되는 걸까요? 안된다면 이런 점도 개선됐으면 좋겠어요 그래야 서로 편할거같아요
15,18,"저도 배민 이용하면서 늘 생각했던게, 가게를 차단할 수 있는 기능같은게 생기면 좋겠어요. 단골 식당이 휴일일때 다신 안시켜먹고 싶은 식당에서 주문해버린 적이 있었어요. 기억해 뒀다가 피해야지 했다가도 한참 시간이 지나니까 깜박하고 실수로 주문하게 되더라구요..;; 자주 시키는 것도 아니니까 ㅠㅠ 식당 차단 기능이나 찜 반대 기능 같은 것 좀 넣어주세요"
16,19,다른건 다 괜찮은데 위아래로 스크롤 하는데. 계속 잘못 인식하고 옆으로 갑니다. 예를들어 B마트에서 물건 고르려고 위래로 움직이는데 계속 포장 쪽으로 이동합니다. 매우 센시티브합니다. 앱개선이 필요해 보입니다. 너무 불편해요
17,20,개짜증나요 진짜 개열받게 디폴트를 수저 포크o으로 바꾸시라고요. 결제방법 변경이나 오류로 다시 결제만 했다하면 수저 포크x 되어있어서 아주 짜증나네요. 맨날 체크하다가도 결제창 내에서 다시 시도한건데도 이러는 거 진짜 짜증나요 너무 짜증나서 후기 남깁니다 배민은 좀 바꾸세요
18,21,한집배달로 20~30분 뒤에 집에 도착한다고 되어있어서 주문했더니 40분이 지나도 도착은 커녕 배차도 안 됨. 이런 식으로 속은 게 한두번이 아님. 예상시간을 똑바로 적어놓거나 한집배달 시스템 자체를 갈아엎어야 할 듯. 그리고 주문 후에도 도착 예정시간이 점점 늘어남.
19,22,기존 VIP 혜택이 그렇게 큰것도 아니였는데 왜 브랜드쿠폰이랑 묶어서 사용할수있게 바뀐건지 이해할수가없네요. 그것도 아무런 공지도없이 갑작스럽게. 브랜드 자체쿠폰에 겨우 천원 더 할인되는게 누가 좋아한다고 그렇게 하는지 모르겠네요. VIP 혜택 생기고 한번도 놓친적 없을정도로 정말 배민 사용 많이 했었는데 사용하고싶은마음이 싹 사라지네요. 원래도 최소주문금액이상 주문해야 사용할수있었는데 지금은 최소주문금액에 브랜드도 일주일에 3개 딱 정해져있고 먹고싶은걸 시키는게아니라 혜택받고싶으면 쿠폰에 맞춰서 메뉴를 정해야하면 굳이 배민을 혜택도없는데 사용할필요가 있나요? 다른어플로 갈아타야겠습니다. 진짜 가면갈수록 좀 심하네요
20,23,"아니 전화 했는데 해결을 안해준다니까 계속 전화하래ㅋㅋ 배민스토어 리뷰 1개가 50자 이상, 사진 첨부 다 ✅ 체크 표시 떴는데 정립 안 됨. 전화 문의했더니 상담사분이 뭐가 문제인지 모르겠으나 본인 잘못 했으니 정립 안 됐겠지요. 함. 이럴 거면 가이드라인 왜 만들어놨지?? 지난번에도 다른 상품 리뷰들 2주 이상 정립 안 들어와서 전화해서 정립 받고, 이번엔 해결하려 들지를 않네."
21,24,"배민으로 거의 매일 주문해먹고 여러가지 메뉴가 먹고 싶으면 가게 두군데서 주문할때도 있고, 하루 두번 이용할때도 있어서 항상 제일 높은 등급인 천생연분입니다. 천생연분 혜택이 2천원 쿠폰 1장,1천원 쿠폰 2장에 최소주문금액 맞춰야 쓸 수 있게 바뀌었을때도 혜택 짜다고 생각은 했지만 오래전부터 배민을 썼기에 다른 배달어플로 갈아타겠다는 생각 해본 적 없었고, 배달비 인상 등 여러가지 이슈에도 계속 이용했습니다. 근데 이번에 처음으로 진짜 다른 배달어플로 갈아타야겠다는 생각을 했습니다. 안그래도 많지도 않은 VIP혜택 쿠폰이 브랜드 쿠폰으로 바뀌고 나서는 제가 아무리 배민을 자주 이용해도 받을 수 있는 혜택이 단 하나도 없습니다.이게 맞는건가요?여러 이용자에게 폭 넓은 혜택을 주기 위해서라지만 이건 이용자 그 누구에게도 좋을게 없다고 생각합니다.쿠폰 4~5천원 쓰려면 배민에서 지정한 브랜드 음식을 주문하란거 밖에 더 됩니까?이제 배민은 이용 안하려고 합니다.진심 짜증나네요"
22,25,사용하기 불편하게 만들어놨네요. 무슨 음식 주문하는데 복잡하게 만들거있나요? 이벤트는 이벤트 대로 배달은 배달대로 포장은 포장대로 지도는 지도 대로 좀 편하게 만듭시다.. 개발자가 내부 적도 아니고... 뭐이리 복잡하노... 요기요가 훨 편하네
23,26,1. 배달이 거지같이 도저히 먹을 수 없는 상태로 와서 환불요청하고 음식물은 수거지시 하였음. 2. 환불요청 및 수거지시를 위한 채팅문의조차 응대가 너무나도 오래 걸렸음. 음식점이든 배달기사든 둘중 하나가 잘못해서 제가 시킨거 환불하는데 왜 제가 시간소모 감정소모를 해야하는거죠? 채팅상담 전화상담은 무슨 할때마다 꽉차있습니까? 3. 수거지시조차 배차가 이중으로 전달되어 두번째 기사님이 오셨을때 밖에 내어놨던 음식이 이미 사라져 굉장히 당혹스러웠음. 거주자 입장에서 문밖에 내놓은게 갑자기 이유없이 사라진셈인데 얼마나 당황스럽겠습니까? 짜고친듯양 처음부터 끝까지 거지같은 사용자경험의 연속이었습니다.
24,27,쿠폰을 상시로 뿌리고 가끔 이벤트로 뿌리는 쿠폰까지 더하면 포장방문 보다 약 10~20% 더 싸게 배달 시킬 수 있어서 편리하고 너무 좋은 것 같아요 ㅎㅎ 딱 한가지 아쉬운 점이 거의 모든 가게들이 최소주문금액이 12000~15000원 가까이 되서 혼자서 주문하기는 너무 부담됩니다ㅠ 1인분 기능이 있긴하지만 원하는 음식점은 항상 1인분 기능에 포함 안되어 있어서 항상 포장방문만 이용하는 것 같아요.
25,28,다른 거 다 필요없고 메뉴를 장바구느에 담는 기능 중에 장바구니 저장 기능도 만들어주시면 안될까요?? 빵집에서 먹고싶은 빵들 종류가 다양해서 하나하나 보면서 장바구니에 담았는데 다른 빵집꺼 한 번 담았더니 어떤 빵을 담았었는지 몰라서 다시 찾아야하는 번거로운때문에요..ㅠㅠ 장바구니 메뉴 저장기능이 있으면 전에 먹었던 메뉴들 그대로 불러올 수 있었으면 좋겠습니다
26,29,업데이트를 하면 할수록 불편함.. 사람들은 쓰던 위치에 쓰던 방식으로만 빨리 주문하고 끄는데 인터페이스 자꾸 바꾸면서 기능 추가오지게 한거 클릭이라도 하게 만들라고 위치 막 바꾸니까. 개 빡침. 요기요로 옴기는사람이 많음.
27,30,응대수준 심각하네요. 문의량이 많다는 이유로 접수도 못하게하나? 예정시간에 도착을 안하면 적어도 취소라도 하게 해야죠. 전화도 안되고 채팅도 안되면 이런 문제상황이 발생했을때 어떻게 대처하려고 그러시나 배민 수준 점점 떨어지는게 보이네요. 앞으로는 이용 안할 생각입니다
28,31,긴말 필요없이 별점 2.7점인 이유가 있음 편리한 것도 있지만 불편하고 짜증나는게 편리한거에 몇배는 됨. 진짜 불편하고 쓸때마다 스트레스 받음. 별점이 이따위면 보통은 개선할 생각을 할텐데 왜 계속 그대로이거나 점점 더 불편하게 만들죠? 뭐 어플 덕분에 돈 아껴서 참 좋네요.ㅋㅋ 근데 진짜로 별점 1점주기도 아까워요. 아 그리고 이유가 뭔지 말안하긴 했는데 별점낮은 것들보면 여러가지 나오시니까 잘 아시겟죠?
29,32,장바구니에 담을라는데 왜 자꾸 잘못된 접근이라고 뜨나요...이유라도 알려줘야 할거아니에요. 이 가게만 문제가 있나보다 했는데 다른 가게에서 주문 담으려고 해도 똑같은 형상 계속 일어나서 결국 저녁 못먹었습니다. 계속 뭐 담으려고 하면 잘못된 접근이라 해서요.
30,33,"안녕하세요. 꾸준히 배달의민족 앱을 쓰고있는 유저입니다. 혹시 특정 식당에 대해 저만 볼 수 있는 메모 기능을 삽입해줄 수 있을까요? 어떤 식당은 감자튀김을 안 주니 꼭 추가로 주문해야하고 어떤 식당은 냉면 육수 양이 적은 편이니 하나를 더 시키는 식으로요. 리뷰에 남기자니 사장님 부담드리는 것 같고, 그런 세부 사항들은 예전 주문옵션을 불러와도 잘 생각이 안 나더라고요. 꼭 좀 부탁드립니다. 몇몇 식당 시킬 때마다 아차, 싶어요."
31,34,분명 앱으로 가게 포장주문만 2번 눌러놨는데 배달 첫주문 할인은 이미 막혀놨네요 뭐 구조상으로 그렇게 어려운 혜택은 아닌데 이거말고도 하나하나 사소하게 작용해가지고 반감사네요.. 잘못된게 있으면 객관적으로 바꾸면 되는데 전체적으로 구조가 잘못됬으니 여론이 안좋아보이네요 참
32,35,최악의 어플. 배민원 배달지연 너무되서 취소하려고 하는데 취소는 고객센터 연결이 필요. 고객센터 연결 절대안되고 그냥 고객은 환불도 못받고 무작정 기다려야 함. 주문한 가게에서는 환불하려면 고객이 직접 고객센터 연결해야한다고만 하고.. 그래서 배달시켰는데 제가 포장하는것마냥 직접 걸어갔다왔습니다^^ 할인쿠폰 준다고 절대 사용하지 마세요^^
33,36,최근 배달이 안 되는 일이 발생하는게 너무 스트레스가 크네요... 배민 원에서 시키고 알뜰 배달로도 시켜봐도 이런 일이 가끔 발생하는거 보면 특정 시스템이 아니라 배민 자체의 문제 같은데 배달원이 부족하면 이런 일에 대비해서 메뉴얼이나 보상이라도 만들어놓지.. 2시간 동안 기다리다 가게에서 취소시키고 쿠팡이츠로 시키니 30분도 안돼서 오네요. 이런 상황이면 다른 앱 놨두고 굳이 배민을 쓸 이유가 있을까요.. 식사라는게 때론 중요한 일이 되고 시간이 촉박할 때도 있는데 대처 방법도 없이 이런 일을 내버려두면 배민을 쓸 마음이 팍 식네요.
34,37,난 이 앱이 싫다. 배달을 하려면 은근슬쩍 수수료를 더 챙기고 배다료도 더 내는 배민 배달로 유도하는 UI 뭔가 이벤트를 많이 하는 것 같지만 딱히 실속은 없는 프로모션 없다시피한 혜택 등등.... 그런데 다른 앱은 안올라온 곳이 많아서 어쩔 수 없이 사용해야 한다. 슬프라.
35,38,"한집배달과 알뜰배달이 나온 뒤로 같은 지점의 가게만 일반배달과 (한집,알뜰)로 두개가 검색되다보니, 가게를 둘러보기가 힘들어져 사용이 불편함. 알뜰배달도 이름만 알뜰이지 싸지도 않고 기사들이 배정받는 것을 기피하면서 배달만 느려짐. 관리가 안되니 있는 것만 못한 상황"
36,39,"배달어플로 아주 잘쓰고있습니다 다만 한가지 개선됬으면 하는 부분이 있습니다 배민에서 오는 알림을 어플자체에서도 확인할수있으면좋겠습니다. 배달시작했다는 알림을 받고서 눌러확인하고 난 후에는 다시 알림을 확인할수도, 배달시작을 한 시간때를 알수있는 길이없는것같아요"
37,40,리뷰쓸 때 사진 바로 찍을 수 있는 기능 생긴 거 좋아요! 근데 그 기능 쓰면 배달이랑 별점 평가를 다시 하게 돌아가서 또 사진을 찍어야돼요. 그래서 사진 찍는 기능이 무소용이에요. 버그같은데 고쳐주세요 개발자님☺️
38,41,배달시키면 2시간은 기본. 배달지연은 기본. 상담사연결은 강제종료 (연결불가). 타배달앱대비 가격도 나쁘고 UI도 나쁘고 서비스도 나쁘고. 참고참아 2주썼지만 앱삭제합니다.
39,42,"26분 거리에 있는 가게가 6분 거리에 있다고 표시되어 있었는데, 그걸 믿고 주문하여 음식이 다 식었습니다. 거리 표시를 정확하게 해주시거나 아니라면 아예 표시를 하지 않았으면 좋겠습니다. 제가 지도 앱에 검색하여 따로 알아보는 편이 더 좋았을 것 같습니다."
40,43,"B마트 전체선택 버튼이 아예 눌러지질 않네요. 장바구니에 일단 넣어놓고 그때그때 배송비나 양을 보고 조절해서 주문하는데, 전체선택 버튼 비활성화 해놓으면 다 구매할거라는 생각으로 해놓은건가요? 오히려 빼기 번거로워 다른 어플에서 주문하게 됩니다."
41,44,"배민원에서 주문하고 배차가 한시간 넘게 걸린데서 취소요청하니 가게에 먼저 요청하고 승낙하면 취소한다고 해서 기다려도 반응 없음. 상담원 연결, 고객센터 연락 다 안됨. 결국 가게에 전화하니 너무 바뻐서 취소 요청 못봤다고, 내가 다시 요청을 줘야지 자기들이 수락한다니 뭐라니해서 다시 어플 가서 취소 요청하니 요청은 한 번 밖에 못한다고 함. 이 때가 이미 저녁 10시가 넘은 상황이고 가게 사장도 퇴근을 해야되서 가게에서 취소요청하면 자기들은 보상을 못 받지만 그렇게 해주고 자기한테 음식값 계좌이체 해주면 사장이 직접 배달해주겠다고 함. 결국 짜장, 탕수육 먹는데 한 시간 반이나 기다림. 고객센터나 가게나 운영 왜 이렇게 하는지. 배민 말 많았지만 수 년동안 써왔는데 이제는 안쓸거임."
42,45,주문한 음식이 배달라이더가 안잡혀서 계속 지연되고 가게도 전화 연결이 안되길래 채팅으로 상담사 연결 요청했더니 기다리라함. 기다리래서 기다리고 있는데 갑자기 무응답 상태가 지속됐다면서 상담이 종료됨.. 배달라이더 부족도 그렇고 부족한 상담 서비스도 그렇고.. 예전만 못하고 망해가는 것 같음.
43,46,아니. 배달라이더가 안잡히면 가게 사장님들이 취소할 수 있도록 해놓던지. 배달 라이더 안잡힌다고 배달 예상시간은 30분 걸어놓고 실제로 배달시간은 1시간 30분 넘어가고. 가게 사장님한테 전화하니 가게에서는 할수 있는게 없어서 고객센터에서 해야된다고 하고. 고객센터는 1시간째 연락안되고 결국 배달은 1시간 45분 후에 와서 음식은 다 식어서 오고. 가게 사장님은 잘못이 없으셔서 배달의민족 별점 1점 드립니다. 여러 방송매체에서 봤을때 가게 사장님한테 수수료 엄청 많이 받으시는거 같은데 적어도 가게 사장님들에게 욕먹이지는 마시죠. 오랜만에 배달 한번 해먹으려고 했는데 기분이 많이 안좋네요.
44,47,발전이 없음. 그리고 검색 해도 원하는 카테고리 음식점이 나오는게 아니라 다른 가게가 나오니 검색할때 아주 많이 불편하고. 이럴거면 왜 분식.야식.패스트푸드.한식 이딴 분류를 해놓은건지 이해할수없으며 진짜 뭐하는건지 모르겠다. 어쩔수없이 쓰지만 점점 배달 음식을 먹기 꺼려진다. Ai답변할거면 하지 마세요. 바뀌지도 않을거 아니까요. 뭣같은 운영 갈수록 안좋은 서비스 시스템
45,48,배민 업데이트하고 나서 이상해졌어요 그냥 검색 알고리즘이 이상해진거같은데 샐러드 먹고싶어서 샐러드 검색했는데 롯데리아 콘샐러드가 제일 위에 나오는게 맞나요? 과연 사용자가 원하는 방향의 검색이라고 생각하는건지.. 검색이 너무 방대해져서 찾기가 힘들어졌어요
46,49,1점도 아까울 정도로 상담원 연결도 안되고 1시간 동안 20번 넘게 전화해도 받지도 않고 상담원이 몇명인지 일은 하는건지 의심스러울 정도로 너무 안받습니다 배달 연결이 안된다고 1시간 기다리고 있는데 전화도 안받고 일을 왜 이렇게 하는지 모르겠습니다. 배달비도 비싼데 그만큼 서비스 가치를 하는지 모르겠습니다. 주변에서도 상담원 연결이 너무 안된다고 하네요 일을 똑바로 하셨으면 좋겠습니다 1점도 아까워요
47,50,"현장결제가 사라져서 인터넷에 검색하고 검색했더니, 업데이트 전 ui 기준으로 배달/B마트/배민스토어 이렇게 정렬된 메뉴에서 배달 메뉴 들어가야 현장결제가 활성화된다는데요, 지금 업데이트 이후 도대체 어떤경로로 들어가야 현장결제가 되는건지 20분동안 씨름하다가 포기하네요. 업데이트 후에는 배민1이라는게 디폴트가 된건지요? 현장결제 도대체 어떻게하나요? 법카쓰는사람도 분명 있을테니 조속한 조치 희망합니다."
48,51,"요며칠 배민 결제가 너무 안돼요. 카드사 어플이 안뜬다거나, 뜨고나서 결제를 눌러도 화면이 안넘어가고 멈춘다거나. 그래서 껐다켰다를 몇번을해야 겨우 결제하네요. 몇년간 한번도 안그랬는데 요즘 왜이러나요 수정좀해주세요"
49,52,배달원 부족하면 애초에 주문이 어렵다 문구를 해놔야하는거 아니냐 뭔 옆동네에서 조리도 필요없는 빵 몇개 갖다주는데 한시간이 넘게 걸려; 24시 콜센터는 툭하면 전화량 많아서 연결 안됀다 하고.. 뭐 배달 늦을때마다 이러는데 문제가 있으면 고치자 좀 그리고 꼭 취소 하려 콜센터 전화 걸고있으면 배차 돼더라; 뭐냐 진짜
50,53,비마트 배달시켰는데 4만원치 시키면 3천원 할인이라고 쿠폰 다운받았는데 결제하려니 쿠폰이 적용이안되네.. 이건뭐 다른 쿠폰인가. 싼건싸고 비싼건 비싼물품들 맛도 영 아닌 꽝꽝얼린 고추장 재육불고기.. 그리고 쿠폰도 애매하게 뿌리네. 비마트 열라 단골인데 정떨어져서 안시키고싶다. 한번시킬때 4~6만원씩 한달에 2~3번은 비마트에서 배달시키는데 할인쿠폰도 짜게주네. 다른 할인마트가 더 저렴하구만. 바이바이 한다.
51,54,"최악의 배달 플랫폼. 5번중 4번은 배달지연 되는듯. 기존 안내받았던 시간보다 30~40분 길어지는건 일상. 심각한 지연에도 사과나 보상같은게 전혀없음. 쓰레기 그 자체, 곧 다른 어플로 넘어갈듯."
52,55,배빈1으로 1시간 넘게 음식을 못받았습니다. 고객센터도 연락 잘 안되고 잘 안되는 타이밍을 이용해서 매점에서 우리는 음식이 나왔으니 우리는 문제 없다. 배차를 못 받았을 뿐 이다. 이러고 말았습니다. 고객센터는 전화도 안받고 치킨집은 고객센터에 전화해서 취소 하라고 하니 별점 1점도 아까운 상황 입니다. 이럴바에 배달 금액이 별로 있을 바이 없던 시절이 그립습니다.
53,56,새로운 계정으로 로그인됬다는 메일+앱알람 받아서 고객센터 문의했는데 똑같은말만 반복하게하며 기다리란말만 하네요 처음보는계정이라고 계속말했고 나중에서야 내가 로그인 연결수단을 3가지 해서 그럴수있다 비밀번호를 바꾸는방법밖에없다 이럴꺼면 왜 고객센터로 연락하라했는지 처음보는 계정이라고 메일에 적힌 새로운 로그인수단 메일까지 불러줘도 그거까지는 확인할방법이 없다 해줄수있는게 아무것도없네요 개인정보가 노출됬는데 어이없어서 그냥 탈퇴했네요
54,57,몇 달 전부터 잘 써오던 배민 유저 입니다. 다른 건 다 좋은데요 다른 식당하고 음식을 같이 담아두는 기능이 있었으면 좋겠습니다. 하나 시키고 하나 담고 구매하는게 조금 번거롭습니다 이 점만 해결 해주시면 좋을 것 같아요 ☺
55,58,한집배달 배차가 너무 안됨 한집배달 선택하는 이유가 배달을 빨리 받고 싶어서인데 라이더 배차가 너무 안돼서 비싼 배달료 지불하고 1시간 1시간 반 기다림 이런 경우가 흔한지 이제는 보상 처리도 안함 고객센터 채팅 앱 문의하면 문의량 많다고 전화로 연결하라고 넘기는데 막상 전화하면 거기도 문의량 많다고 다시 전화하라면서 대기도 없이 전화 종료됨
56,59,어플 덕분에 손 쉽게 음식 시켜먹고 잘 이용하고 있습니다. 몇몇의 가게 점주님들의 불친절한 태도에 상관이 없는 배달의 민족 회사가 가운데서 컴플레인을 겪어야하는 그런 현상이 빈번히 생기는 것 같습니다. 그래서 기능이 하나 추가되어 했으면 하는 바람에 리뷰 적어봅니다. 이용하기 싫은 가게(불친절한 가게) 차단 기능 있었으면 합니다. 검색해도 검색 결과에 노출이 안되게끔 하고 싶은데 이런 기능을 넣어주셨으면 하는 바람입니다. 감사합니다.
57,60,"장점: 1.음식 주문할때 편하게 주문할수 있다. 2. 다양한 맛집들을 한눈에 보기 편하다. 3. 랙도 없고, 프레임이 부드럽다. 4. 쿠폰도 많다. 5 여러가지 할인도 한다. 단점: 1. 주문할때 다른음식으로 배송올때가 있다. 장점이 진짜많지만,단점도 고쳤으면 하네요. (아주 가끔씩 단점 1번 이니 별 5개)"
58,61,두군데 배송 제한 했으면 좋겠고 gps 안잡히는 배달라이더들 못하게 하면 좋겠고 서비스 하나만 파서 ui 혼동안주면 좋겠고 평점 남길때 스페이스 하면 텍스트 튀어서 이상한데 안가면 좋겠고 터치 드래그 슬라이드 자신없으면 안썻으면 좋겠습니다 앱쓰고 서비스에 불만가지고 앱평가 잘쓰진않는데 진짜 오늘 배달 받으면서 왜 다른플랫폼으로 옮기게 됬나 다시한번 상기하게 되네요;
59,62,생각보다 다양하고 맛있는 맛집이 많아서 급할때나 입맛 없을때 가족과 함께 시켜 먹어도 정말 좋은듯 하네요 신세계를 발견했다고 해야하는게 맞는듯요 주부들은 시켜 먹는게 쉽지는 않은데 새로운 배달의 신개념을 전 이제야 알게 되었네요 넘 다양하니 몰 시켜 먹어야 할지 이럴때 이런 말이 생각나네요 골라먹는 재미와 맛을 느낄수 있다고 갠적으로 넘 좋고 맘에 드네요~ 다만 보이지 않는 위생이 살짝 걱정은 되지만 믿고 먹을게요~~^^
60,63,잘 쓰고 있습니당!그런데 찜 목록을 편집 할때 한꺼번에 선택해서 찜을 해제하는 기능도 있으면 좋겠어용!👍
61,64,음식점 전체보기 만들어주세요 전체보기 무슨 일을 하던지 목록을 나열하는 일에서 전체보기는 무조건 가장 중요하게 제일 먼저 들어가야 하는 당연한 기능인데 이게 나온지 몇년인데 아직까지 전체보기가 없다는 거에 기가차다. 이해가 안된다 너무 불편하다
62,65,잘사용하다가 만나서 결제 없어져서 쓰는 의미가 없어져서 삭제합니다.소액결제는 카드를 잘 안쓰고 현금사용이 많은편인데 소리소문없이 갑자기 없애버려서 황당하네요.
63,66,"잘 쓰고 있습니다. 웬만한 모든 건에서 지불 금액이 다소 높더라도 편의성만 보장되면 어느 정도 수긍하는 편이라, 한집배달이나 일반 배달 배달팁 등 별 불호도 없고요. 그간의 고객센터 문의도 항상 빠르게 잘 처리해주셨던지라 나쁘지 않습니다. 다만 한 가지 건의인데... 어플 처음 깔고서 위치 선택이 아니라 로그인 혹은 비회원 주문 선택 화면 등으로 업데이트는 불가할까요? 비마트든 일반 배달이든 하도 자주 이용해 나름 줄이고자 무의미하게 어플 삭제와 재설치를 반복하는데 그때마다 일일이 위치부터 설정하기 번거롭더라고요. 이미 내 계정에 주소들이 있는데... (별거 아닌 단계지만 제가 정말 자주 삭제를 해서요) 아무튼간에 잘 사용하고 있습니다. 감사합니다."
64,67,현관번호 적는 칸 없앤 건가요? 지난주까지만 해도 아무 문제 없었는데 방금 여러군데서 시키니까 다 전화와서 비번 물어보고 난리네요. 확인해보니 적혀 있는 비밀번호는 물론 적는 란까지 사라졌습니다. 이러면 불편해서 이용할 수 없죠.
65,68,맨날 카드 직접 결제만 하다가 배민페이인지 뭔 등록을 또 하라길래 쎄해서 약관 좀 읽어보려니 수백줄 짜리 내용을 고작 3줄 칸으로 보라고 하고... 펼치기 버튼 누르면 약관 좀 잘 보이게 좀 합시다 헛짓거리 하는거 하도 많이 봐서 약관 그냥 넘기는 사람만 있는거 아니니까.
66,69,"UX는 거들떠도 안 보고 지들 사업 홍보에만 초점 맞춘 UI를 사용자에게 강요함. 애초부터 폐쇄적이고 제한적인 UI만 제공해 UX는 거들떠도 안 보는 어플이었다지만, 그나마 남아있던 UX에 관한 한줌짜리 UI마저도 점점 축소시키고 지들 사업 홍보로 대체하는 짓을 반복하고 있음. 이번 업데이트는 역겨울 지경임. 사용자 경험 X박든 말든 신경 안 쓰는 놈들 어플을 내가 굳이 왜 써줘야 해? 너무 불쾌해서 삭제하겠음."
67,70,실시간채팅상담 버튼 가시적이지도 않고 이게 상담버튼인지 알고 누르는 사람이 있을까요? 실수로 계속 누르게 되는 우상단위치에 둔 이유가 뭔지 모르겠습니다. 아래쪽 주문정보 옆에 [상담]이라고 두는게 훨씬 편리하지 않을까요?
68,71,상담사 연결 진짜 안되구요 유선연결은 고사하고 채팅상담도 안됩니다. 배달음식 시킨데가 전화번호도 없고 배달 도착시간은 30분씩 계속 늘어나고 취소도 못하고 화가 너무 나네요 원래도 잘 이용 안하지만 생일선물로 쿠폰 받은김에 시켜먹는건데 이럴거면 앱을 없애버리는게 나을것 같습니다.
69,72,"그냥 절대 사용하면 안되는 어플, 이걸 왜 사용하는 이유를 알 수가 없음. 걍 다른 어플 쓰셈 ㅋㅋ 그냥 주문 한번하면 1시간 반은 기본이고 이번에는 2시간을 기다리라고 하네? 그리고 고객센터는 전화를 받는 것을 본 적이 없음. 배민 쓰시는 분들 좋은 어플 많으니까 다른 어플로 넘어가세요~~~~~"
70,73,배민앱 재설치하는경우 초기화면부터 주소입력이라서 불편합니다. 하단에 아이디로 로그인할수있는 옵션이 없어서 주소입력하고 그뒤에 로그인을 다시하는 불편함이 있습니다. 아님 방법이 있는데 제가 모르는거라면 앱재설치후 주소입력없이 바로 아이디 입력하는 방법을 알려주세요.
71,74,"최근 배달원의 비정상적인 배송 지연은 완전히 방치해두고, 고객센터에 문의 넣으려니 멀쩡히 5g 켜진 상태에서 인터넷 연결 안 됐다고 문의 접수를 막아버리네요. 다시는 이용 안합니다."
72,75,앱 첫 페이지에 '알뜰 한집배달' 버튼 반으로 둘이고 그옆에 '포장'버튼 넣으면 안되는걸까요. 상식적으로 배달 옆에 포장이 있어야된다고 생각하는데요. Ui같은 부분에서 어떻게 앱이 업데이트 하면 할수록 더 퇴화되는 느낌이 드는건가요. 지금도 쓰기 불편한데 앞으로 얼마나 더 불편해질까 당혹스럽습니다
73,76,배달 앱 중 이 정도로 배달 시간을 안 지키는 앱은 없습니다. 최악의 배달 앱이라 할 수 있습니다. 리뷰 보시는 분들이 다른 어플을 사용하시어 도움이 되길 바라며 리뷰 남깁니다!
74,77,그냥 점점 쓰지말라고 일부로 이상한 업데이트 하는듯. 리뷰는 내가 할말 다 못적고 업체측에 문제가 있는데 별다른 조치도 없고 연락도 안받고 그냥 배째라방식. 어차피 니들은 쓰게 되있다 이마인드ㅋ
75,78,배달지 목록중에 안쓰는곳들 가리거나 차단하는 것있습니까? 없다면 업데이트좀 해주세요. 맨날맨날 쓸데없이 지나치는 목록들이 많음.
76,79,주문을 취소하니까 긴급 배차 요청을 하는 경우는 어디에 있습니까 배달이 너무 오래 걸려서 주문을 취소하는건데 최대한 빨리 배달해드린다는건 좀 아니잖아요 최초 배달예정시간까지는 취소가 안된다는데 그 사이에 배달중이기만하면 1시간을 기달리든 취소가 안되네요? 이런 어처구니 없는 경우가 다 있나
77,80,들어가는데 로딩 속도 왜이리 오래 걸려요? 서버 문제인가 한 두번도 아니고 자주 이러네요 로딩되고 있는지도 모르겠고 그냥 앱 켜다가 끄게됨
78,81,일회용품 설정이 반대로 되있는거같네요 물론 제가 체크못해서 그런거지만 기본적으로 주는걸로 되있어하는거 아닌가요? 저번에 모텔에서 음식시키고 수저 젓가락이 안와 음식도 제대로 못먹고 버렸네요
79,82,건의 사항 : 주문 많은 수로 나열했을 때 기간 설정을 할 수 있으면 좋겠습니다. 그 기간의 최대를 전체가 아닌 1년으로 잡아도 좋을 것 같습니다.
80,83,배달이 완료되면 바로 리뷰를 달 수 있는 버튼이 나오면 좋겠음.. 분명 배달이 완료되었는데 리뷰 쓰는 버튼이 없어서....잠깐 기다리다가 깜빡 잊어버리는 경우도 생김... 사장님들과의 약속을 저버릴 수 있음ㅡㅡ
81,84,업데이트 이전으로 돌려주세요.. 원래 배민1 버튼없어지고 더 난잡하게 바껴가지고 원래 일반배달이 뭐가 뭔지 설명도 없고 무조건 배민1만 주문하게 되네요; 그냥 업뎃 이전으로 돌려주시죠;;
82,85,"날씨 않좋으면 고객센터 연락두절. 취소도 가능하지않고 채팅, 유선 아무런 연락안되서 배민원 취소도 어려움. 가게에 물어보면 배민원에서 시키면 가게에서 컨트롤 불가능하다고 함. 배차 지연됬는데 연락도 안받으면 어쩌라는건지를 모르겠음."
83,86,배달비가 부담스러워 알뜰배달을 한다지만 온동네 순회하고 오는건 좀 아닌거같네요. 애써열심히 만든 식당의 음식을 다 불어터지고 식어빠지게 만들 수 있으니 업주들한테 손해가 갈 것 같아요. 알뜰배달은 한번에 같이 배달할 수 있는 집의 수를 제한해주세요.
84,87,무난한 배달어플로 잘 쓰고 있어요 그런데 한 가지 생겼으면 하는 게 있어요 찜을 활용해 자신이 좋아하는 식당을 모아볼 수 있듯이 회피? 별로?인 곳들도 표시해서 모아볼 수 있었으면 좋겠어요 ㅠㅠ
85,88,의미있는 어플로 시작된 스타트업이 이제 본질을 잃고 가게 배달은 검색도 어렵게 막아놓고있고 배달비는 지들이 줫나게 수수료떼먹는 구조만들어서 늘리고있고 ;;; 거지갘네
86,89,자꾸 관심도 없는 배민스토어 광고떠서 배달시키고싶은데 스토어쪽으로 빠지게 만들어놓음 쿠폰으로 광고해놓고 보면 최대할인금액 꼼수 포장주문 시키려고보면 근거리순으로 나열안되어있음 어느순간부터 사용자편의성은 잊고 자꾸 무겁고 복잡한 어플로 변함.당장은 쓰긴하는데 대체제 있으면 바로 갈아타고싶음
87,90,처음에 나왔던 예상시간이 계속 바뀌면서 배달이 지연되는건 보상을 하기 싫으신거죠? 다른 배달 서비스로 넘어갈게요. 한 두번이 아니네요
88,91,배달문제로 스트레스 받는 거 이제 그만할란다. 케바케겠지만 나는 상담원도 불친절했고 이런 일 연속으로 두번 겪다가 다른 앱 쓰니까 마음 편해졌음. ㅂ2
89,92,이벤트및마케팅 알림 모두 off에도 알림센테 발송 이번주등급 확인인지 뭔지 알림이 매주 온다. 관련해서 고객센터 통화하고 앱상담해도 정확한 답이없고 개선도 안되고있다.진짜 짜증납니다.
90,93,고객센터 실시간 채팅으로 연결해놓고 정작 대응은 너무 느리네요. 배달이 얼마나 빠르고 신속하게 진행되는 서비스인지 제대로 이해하는 사업체라면 고객센터를 이런 식으로 운영하지는 않을 듯합니다. 제가 작성한 리뷰만 따로 백업하고 앞으로 안 쓰려고요. 수고하세요.
91,94,배달 너무 좋은어플이라 잘 쓰고 있던 유저였어요. 어느날 실수로 다른 주소로 주문을 잘못해서 고객센터로 770원 보내면서까지 주소지 변경을 해서 변경되었다고 했는데 이상하게 화면은 그대로 잘못된 주소지 그대로 적혀있길래 혹시나해서 가게한테 전화하니까 모르는 이야기라 하네요...;;; 문의는 친절한데 이상하게 전달도 안되고 조금 많이 실망했어요. 제가 몰랐더라면 배달은 잘못된 주소의 집으로 가게된 셈이겠네요...
92,95,맘에 안드는 가게는 폴더별로 정리해서 안보이는 그런 기능이 있었음 좋겠어요 다신 안시켜야지 해놓고 잊어버리고 있다 또 시켰다 돈만 난리네요
93,96,"주문한지 1시간 넘도록 기사 안 잡아주면서 업소한테 돈은 더 뜯어가는 시스템 유지중이시던데 덕분에 요 며칠은 거의 한시간반씩 기다려서 밥먹었습니다^^ 소비자, 업소, 배달기사 손해만 더 키우고 기업이윤만 보는 이런 회사 어플은 이제 삭제할랍니다. 수수료 계속 올리시고 좋아하시는 돈 많이 버세요."
94,97,"배민 앱에서 주문내역 검색말고, 리뷰 적은것도 검색 가능하게 되면 좋을것 같아요ㅠㅠㅠ 매번 리뷰찾다가 10분넘게 걸린적도 있기에, 불편 하기도 하고 주문내역도 검색도 가능하니까 내가 작성한 리뷰 검색도 가능하면 좋을것 같네요 (24.03.12)"
95,98,주문잘못해서 전화했더니 결번이란다 실시간채팅 문의많아서 안된단다 그럴꺼면 너네가 왜 전화번호를 제공하냐 어이없어서 결번전화같은거 확인도 안하냐
96,99,얼마 전에 기사 배정 지연된 걸로 리뷰 썼었는데 그 뒤로 배달되는 거리가 줄어들었네요? 기존에 되던 곳들이 왜 갑자기 배달이 힘들다고 뜨는거죠? 불만 가진다고 거리 제한두면 다인가요?
97,100,첫화면에 모든가게가 나오는구조가 아니라 자기즐 입맛에 맞는 가게만 노출시키게끔 바뀐거 보고 역겨움을 느낌.
98,101,"배달시간 맞은 적 한번도 없고 개짜증남. 알뜰배달은 왜 만든거임? 배달원 배정도 안되어서 음식 조리 다된 채 30분 보내고,, 요기요는 항상 시간 내에 오거나 더 빨리옴...진짜 배달 품질 업계 중 최악."
99,102,배민배달 시스템 한집배달이고 자시고 시간 소요 비정상적으로 오래 걸려서 한두 시간씩 배달 기다리는 고객들 사례가 한둘이 아닌 지 꽤 됐는데 아직까지 고친 게 없으면 하...
100,103,다 좋은데 오픈시간 아니라서 배달 불가한 지역이면 그건 검색할때 안뜨게 해주세요. 시키려고 들어갔는데 오픈안했다거나 오픈 준비중이라고 뜨면 짜증나네요
101,104,"만나서 카드결제 안되는 가게가 너무 많고,카드등록도 본인명의만 가능한게 너무 불편하네요"
102,105,포장시간 변경이 안됨 포장을 미리 주문 못함. 이런 기본적인게 안된다는게 믿어지지가 않음. 요기요는 되는데.
103,106,"배달기사가 없으면 배민원 주문을 못하게 위대하신 AI께서 막아놓던가 하시지요? 30-40분 걸린대서 결제했는데, 결제하니까 1시간예상 뜨고^^ 배달예정시간은 무한정 계속 늘어나고 고객센터는 주문폭주라고 채팅도 안되고 전화는 수십번을해야 겨우 연결되고ㅋㅋㅋ 긴급배차 요청을 해놔도 배달예정시간만 끝도없이 1시간 반까지 늘어나기만 하고 배차는 안되고 결국 1시간 기다리다가 취소한사람됐는데 뭔 장사를 이렇게 하세요??? 기사가 없으면 배민원을 없애던가요"
104,107,주문하기 란에서 음식메뉴 어떤거 주문했는지 볼수 있었으면 좋겠습니다 가끔 제대로 주문했나 뒤로 가서 확인할때가 있어서
105,108,배민 리뉴얼되고나서 배달집 찾으러 스크롤 내릴때마다 부드럽게 내려가는게 아니라 뭔가 턱턱 걸리는 느낌이 듭니다. 불편합니다. 정정해주세요.
106,109,업뎃후 왜 혜택이 이상하게 바꼈어요... 저는 지방러인데 없는 가게도많고 알뜰.한집 주문도 안되는데ㅜㅜ 배민vip라고해서 좋은것도없고 저같은 지방러에겐 혜택도없어진거나 마찬가지라 이제 메뉴참고만 하고 전화주문 이용할거같아요.. 전에는 그냥 할인쿠폰이라 전부 적용되서 좋았는데ㅜㅜㅜㅜ .... 생일쿠폰도 편의점할인이라는데 제한도많고 편의점 이용 잘 안하는 저같은 사람에겐 무쓸모같아요..... 이럴바엔 그냥 전화주문할래요............... 배민안녕ㅠㅠㅠㅠ
107,110,주문 700회이상한 천생연분이고 이번 업데이트 너무별로입니다 롤백해주세요 인터페이스 기존보다 못하고 가게별로 라이더 메시지 지정을 누가합니까 사장도아니고 저장돼있던거 날아가서 짜증나네요. 결제수단도 왜 초기화돼있는지 영 별로입니다 롤백안하면 딴앱으로 갈아탈거임
108,111,"배민에서 음식을 시키면 사행성 랜덤뽑기임. 무슨 메뉴가 올지 모름. 1. 상황 1) 메뉴 사진에는 딸기가 포함되어 있음. 2) 메뉴 구성 설명에는 ""제철 과일 특성상 변동될 수 있다"" 라고 적혀 있지, 정확히 주문 시 포함되는 구성이 적혀있지 않음 3) 그런데 딸기는 겨울의 제철과일임. 4) 제철과일인 딸기가 누락된 채로 메뉴 수령함 2. 나의 주장 1) 위에 ""상황"" 에 따라서 딸기가 포함되어 있지 않는 것은 마치 음식 구성품을 '사행성 랜덤 뽑기'와 같이 받는 것과 다를 바 없다고 생각함. 2) 메뉴 수정에 대해 요청하였으나 배민에서는 스토어의 메뉴에 대해 별도 제제가 불가능하다 답변함 3) 배민에서 제제가 불가능하면, 스토어가 부적절한 이미지, 사외석&젠더 이슈가 되는 단어를 기재해도 제재가 불가능하냐고 묻자, 그제서야 정책상 어려운 메뉴는 등록을 하고 있다 답변 함."
109,112,한집배달 배차 관리 못하겠으면 닫아놓고 해결된 후에 다시 여는게 맞지 않나요? 한 두번도 아니고 배달할때마다 기본 30분 이상 늦어지는데 예상소요시간을 써두지를 말던지 서비스 이런식이면서 배달팁은 뒤지게 비싸기만하고
110,113,1점인 이유는 1. 리뷰삭제 후 재작성이 안 된다. 2. 어플 내 사진 확인 / 지우기가 안 된다. 3. 리뷰 쓰는 것에도 기간이 있다. 4. 계속 배민 1로 기본 설정돼서 불편하다. 5. 위치 바뀌는 것도 매번 내위치로 재설정 해야한다. 6. 여러 설정들이 추가되면서 앱이 전보다 더 복잡해졌다. 7. 다른 배달 어플에 비해 이벤트가 너무 적다.
111,114,같은 주소인데 한 폰은 알뜰한집 배달만 나오고 또 다른 폰은 일반 배달로 나오는데 이게 말이 되나요
112,115,너무 간편하고 좋은 앱인데 장바구니에 한 가게의 것만 담을 수 있는 게 별론 거 같아요 진짜 장바구니의 개념처럼 당장 주문하지 않더라도 담아놓을 수 있게 설정되면 좋겠어요
113,116,배달이 항상 너무 늦게옴 하.. 배달비는 받을거 다받으면서 개대충 배달하네. 아니 리뷰를 쓴지 벌써 2년이 지났는데도 변함없이 배달은더 느려지고 배달비값은 오르고 이건 대체 뭔 🐕같은 경우인지 도저히 이해를 할수가 없네.
114,117,처음에는 잘 오던 배달이 요즘은 3번이나 연속으로 기본적으로 1시간 20분이 소요되는 배달시간으로 화가나네요 심지어 맨날 죄송하다고는 하는데 계속해서 문제가 발생합니다 상담사들은 전화를 잘 받지도 않고요 현재는 배달이 취소도 안되고 계속 지연만 되는 상황이 계속되고 있습니다.
115,118,검색창에 검색하면 왜 한집배달이나 알뜰배달하는 가게만 나오나요? 메뉴도 일반 배민과 배민1이 조금 달라서 일반배민으로 시키고 싶은데 일반배민은 검색해도 뜨지 않고 그래서 일반배민 카테고리에 들어가면 검색창이 따로 없어 일일히 스크롤을 내려 원하는 가게를 찾아야하는게 정말정말 번거롭네요 아니면 제가 못찾는 걸까요?
116,119,배민1은 입점한 매장이 많지 않아서 아쉽고 배달 완료 사진이 꼭 알림창에 들어가야만 볼 수 있어서 아쉽습니다. 배민1 배달비+최소주문금액+음식 가격이 높은 경우가 많아요... 결제 방식이 다양하지 않아서 아쉽습니다.
117,120,메뉴 접는 기능 좀 다시 만들어주세요.. 분식집만 봐도 메뉴 개수가 한두 가지가 아닌데 보는데 너무 힘들어요ㅠ
118,121,대목에 한집배달하면 배달이 안옴. 9시에 주문하고 12시에도 못받음. 가게에서는 한집배달 취소는 배민에서 직접해야 한다는데 채팅상담도 전화도 연결이 안됨. 12시에 배달기사가 가게문이 닫혀서 못갔다준다고 전화옴. 그리고 배달 완료라네... 배달 안왔다고 다시 채팅상담 남겨도 대꾸도 없고 환불도 안됐고 그냥 운영이 쓰레기임. 고객의견 컴플레인 접수창구도 없고 들을 생각도 없는거 같아서 여기라도 적어둡니다
119,122,"수저 포크 안 받기가 기본으로 되어있어서 엄청 불편함. 가끔 까먹고 '수저 포크 주세요' 안 눌러서 젓가락 안 올 때면 열받음. 수십년간 살면서 음식시키면 수저포크 오는 건 당연한거라고 생각해왔기에 메뉴고르고 물흐르듯 결제하다보면 '수저포크 주세요' 누르는 걸 까먹을 때가 있음. 주문사항칸에 떡하니 보이지 않나 싶은데도 일단 빈칸에 체크가 이미 되어있으면 무의식적으로 넘어가버리는 경우가 있음. 특히 문앞에두고벨눌러주세요등 요청사항 적을 때는 더더욱 심함. 환경캠페인도 이해는 하겠는데 단순히 기본설정이 안받기로 체크되어 있는게 아니라 '주세요/주지마세요'칸을 나누지 않고 "" (빈칸) 수저포크 받으시려면 체크"" 라고 하던가. 아니면 주문사항과 결제칸을 창 하나에 두지말고 주문사항 다음으로 결제창이 나오게끔 하는 등 앱이용자가 편하게 수정을 했으면 좋겠음"
120,123,"배민1 기능은 도대체 왜 있는 건지 연말에 시켰을 때 제 시간 맞춰 온 적이 없네요. 늦어지면 조용히 시간 연장되고 나중에 한 번 알림 주고, 정작 음식은 다 식어 오고,,, 시간 보장을 못할 거면 기능을 포기하든 주문을 취소할 수 있게 하든 해야죠."
121,124,진짜 고객센터 응대 너무 못함. 오늘 있었던 일 폭로하고싶지만 이미지 생각해서 참음. 할말을 잃었... 진짜;; 교육 다시 진행 시켜야될 듯.. 두 번 다시 이용 안함. 진짜 와...... 할말은 많지만 하지않겠음.. 허허;;;
122,125,각종 할인 프로모션은 배민1으로 주문시 할인적용되게 해놓고는 가게에서는 배민1 다막아놓고 자체배달만 가능하게 해놓은걸 문제없다고하고 가게사장들의 자율이라 제재할수있는게 없다고 하는게 맞는건가요? 할인한다고 광고하고는 대부분의 가게가 할인적용이 안되게 되어있다면 이건 '허위광고' 아닌가요? 배민의 공식답변을 들은뒤에 남겼습니다
123,126,알림톡 왜 오는거임 채널추가도 안했는디? 안쓰니까 톡 보낸거 같은디..채널 추가도 안했는데 왜? 혹시 몰라서 앱켜서 확인하니까 알림이랑 개인정보제공등 다 미동의구만 배달 시킬때나 보내는거 아님? 왜 귀찮게까지 하지 혹시나 외부에사 쓸 상황 있을까 싶어서 삭제는 안하는데 진짜 귀찮게 하지마라 2.7점이 말해준다 걍 울며 겨자먹기로 쓰는 cxm 생각안하는 레전드 운영
124,127,가까운매장보다 먼 매장을 상단노출시켜서 배달시켜도 배차도 느리고 오래걸림 고객센터 직원좀늘려서 빠른대응바람 땅사서 건물 지을생각하지말고 그런쪽에 신경써주길
125,128,"다 맘에 안들지만 점점 더 불편해짐ㅡㅡ 그리고 많이 시키는 사람한테만 혜택주는 거 차별같고 부담스럽고 별로임. 난 먹고 싶은 게 있는데 사용하기 싫은 쓸때없는 쿠폰들 랜덤 지급 어이없음. 다 필요없으니까 기존 등급별 쿠폰팩 돌려냈으면 좋겠음.(월 시켜먹는 금액만 얼만데, 꼴랑 천원 이천원짜리 쿠폰 2장~3장주고, 이것도 최소주문 2만원인것도 개킹받았었지만ㅡㅡ)"
126,129,배달을 도대체 어떻게 하길래 두시간째 치킨한마리를 못받고 있습니다. 배달기사가 배정된건지도 모르겠고 배달 예정시간은 1시간째 조금씩조금씩 늦어지기만하구요. 취소나 환불요청이 쉽게 되는것도 아니구요. 예정시간에 비해서 1시간이나 넘게 차이나는건 너무하는거 아닙니까?
127,130,한집배달 개구리네 주문할 당시에는 ~33분 이렇게 되어있었는데 계속 도착예정시간이 60분 73분 한없이 늘어나길래 가게에 전화했더니 그건 배차문제라고 배차가 안되서 그런거라네ㅋㅋ 그럼 배차가 안될경우 걸릴 수 있는 최대 소요시간을 적어놔야 되는거 아니냐? 첨에는 9시55분이랬다가 10시13분까지 늘어나네^^
128,131,쓰면 쓸수록....화가나고 불편해서 그냥 삭재합니다. 고객상담도 이상하고 별점시스템도 사장 마음대로 이면 ㅋㅋㅋㅋ 그냥 사용하지 말리는거지뭐 ㅋㅋㅋ
129,132,게속배달이늦어지고 너무별로입니다. 요기요가훨씬 낫습니다
130,133,배민1 주문함. 배달시간이 자꾸 늘어나서 배달완료까지 거의 2시간 정도 걸릴 것 같길래 채팅 상담을 함. 가게 직접 전화하거나 상담사 연결을 하라는데 문의가 많아 상담사 연결이 안된다고 나옴. 어쩔 수 없이 가게에 취소문의 했지만 가게에서는 조리가 완료된 상태이기 때문에 취소 불가. 사실 음식은 주문받고 이미 20분만에 조리완료 되었고 배차가 안되서 1시간 이상 음식이 방치된 상태라고 함. 배민1은 가게가 음식 조리까지만 책임지면 되는 서비스인데 바쁜 시간에 배고픈 고객한테 전화받은 가게 사장님은 무슨 죄임? 어찌저찌 상담사 전화 연결 대기해서 결국 취소는 했음. 한집 배달이랍시고 배달료나 비싸게 받지를 말던가. 배차가 안되면 취소하겠냐고 연락이라도 주던가.
131,134,한달에 20회 이상 사용해본 경험상 배민은 소비자와 가게 사이를 이어주는 역할을 하지만 트러블이 생겼을 때 해결 능력이 없음. 결제가 진행된 이후 배민은 중개자에서 방관자가 됨. 처음에는 만족할 수 있으나 가끔씩 생기는 문제에 대한 솔루션이 갖춰져있지않음. 수수료는 꼬박꼬박 받으면서 뭘하는 건지 신뢰하기 굉장히 어려움.
132,135,배달이 밀려서 주문자가 사장님을 오해하는 상황이 생겼습니다. 어플 업데이트에 배달이 밀려 추가되는 시간이 알려지는 시스템이 생기면 좋을거 같습니다.
133,136,배달비는 예전보다 저렴해진부분이 있어 만족하지만. 페이지 대공사를 하시고나서 보는게 너무 비효율적이고 보기어려워요 다시 좀 바꿔주세요~
134,137,주문내역 텍스트 복사하기가 가능하면 좋겠습니다 막혀있어서 가계부어플 쓸때 일일이 입력하기가 힘들어요
135,138,라이더 배차문제로 배달 계속 지연됨. 소비자에겐 안내 하나없이 시간만 계속 늘림. 가게에 전화해보면 조리는 완료돼서 음식 식고있음. 너네는 그냥 망하는게 맞다.
136,139,배민을 자주 이용하는 사람이지만 이제는 쿠팡이츠로 가려고 합니다 조금 더 빨리 받으려고 비싼 한집 배달료 내가면서도 한집배달을 시켜먹는편이지만 가게사정이든 기사배정이 안되든 결국 걸리는 시간은 비슷한것도 문제고 그걸로 취소하려고 하면 또 취소도 잘 안되고 고객센터 만족도는 최하에 그냥 배달료 내가면서 똑같이 식은 음식 먹는 개돼지 취급을 받는거 같네요 오히려 예전 가게들에서 배달하던 시절이 그리울 정도네요 그동안 잘 애용했지만 이제는 더이상은 사용하고 싶은 느낌이 없는 앱입니다
137,140,배달원 부족하면 한집배달 30분 걸어놓지나 않았으면 좋겠음.신선하고 따뜩하게 먹어야 하는 음식일수록 한집배달 시키는데 안잡히면 기본이 1시간 대기. 배달원이 안잡히는걸 어떻게 라는 식으로 운영하는게 맞는지 고려해 봤으면 좋겠음.
138,141,"일반 배달보다 비싼 배민1으로 주문했음에도 불구, 예상 배달 시간 보다 30분이 늘어남. 라이더 배차가 아예 안됨. 배달 취소하려고 고객센터 전화했는데, 불가능. 채팅 상담도 불가능."
139,142,한집배달이면 한집만 배달하지 한집배달로 시켰는데 다른곳 다 들리고 예정시간보다 40분초과되서 오는게 맞냐? 이럴거면 한집배달을 없애던가 더 비싼걸로 시켰는데 이러네 하..
140,143,왜갑자기 어플퀄리티높인다고 이상하게 바껴서 다운도오래걸리고 무신사보다 로딩이 길죠? 방문찾기는왜없어진거죠? 일반 한집 배달주문만 가능하네요
141,144,배달 지연 되면서 물건 던지기하냐?? 취소하려면 전화하라면서?? 전화는 쳐받지도 않고 취소해달라고 대화창에 남겨놨더니 늦게 쳐봐놓고 대답없었으니 무응답이라고하고 3시간이 지나서 물건을 쳐보내?? 식품쳐보내면서 3시간이 지나면 돈 결제했으니 니들 책임 아니라는거냐??
142,145,일반배달을 위치표시를 해야하는게 아닌가 생각합니다. 배송은 출발했는데 몇군데를 들리는지 올생각을 안하네요. 배달어플 만들어놨으면 배달상태를 확실히 챙겼야 한다고 생각됩니다.
143,146,체크항목 제대로 안보시면 젓가락같은거 못받고 한집배달 예상보다 2배늦어서 고객센터문의하니40분동안 답도없고 전화걸면 상담이 많다고 대기없이 전화끊김..너무 불편해서 못쓰겠어요
144,147,잘쓰던 계정이 갑자기 로그아웃됐는데 다시 가입해봐도 정보가 일치하지 않는다면서 로그인이 안되네요..... 결국 새로 계정팠습니다;
145,148,업데이트 하면서 한집배달 알뜰배달 등 배민에서 직접 하는 배달이 주메뉴로 되어버리고 기본 배달은 찾기어렵게 메뉴이름도 가게배달 이런식으로 잘 눈에 띄지 않게 설정 해놓으셨네요
146,149,최악입니다. 배민1으로 결제를 유도하는데 더 늦게 오네요. 주문취소하고 싶어도 상담하기 싫은지 연결 엄청 늦네요. 식사시간을 놓치고 싶으시다면 이용 권장합니다. 쿠팡이츠 쓰세요~
147,150,설 연휴 배민라이더 휴무와 관련된 사항을 앱 메인에 고지하지 않고 배달불가지역 이라는 이유로 배달 취소가 되는게 이해가 가지 않습니다. 앱 관리를 이렇게 하면 안되죠. 일부 점포에 한해서 단편적으로만 설 연휴 중 일부 날짜에 배민라이더가 휴무함 이라고 써두면 이용자 입장에서는 다른 매장은 쉬지 않는구나 하고 이해할 수도 있는 사항이니 이 점 참고하시고 공지사항 등으로 확실히 고지했으면 좋겠습니다.
148,151,리뷰쓸때 사진첨부가 안되네요ㅡㅡ 첨부 누르면 갤러리로 넘어가질 않아요 어플 지웠다 다시 깔아도 그러네요 쯧
149,152,제 핸드폰에는 가게가 준비중이라고 나오는데 다른사람 핸드폰에는 배달이 가능하다고 나오네요 이건 뭐 어떤 오류인가요? 개빡치는데 이게 맞는건가요? 눌러도 새로고침을 해도 똑같은데 진짜 이거 뭐죠?
150,153,주문 접수됐다가 가게 사정으로 주문 취소 될때 앱에 반영?이 되게 느린거 같아요 없는 제품 빼고 다시 주문해달라고 하시는데 이미 접수된거는 제가 취소 못 하고 매장에서 취소 하셨다고 하는데 앱에서는 계속 진행 중이라고 떠요
151,154,"아래 위로 스크롤할때 살짝 대각선 되도 자꾸 ""배달"" , ""포장"" 옆으로 탭이동이 되서 너무 블편해요...."
152,155,"배송문제가 발생했는데, 적절하게 잘 대처를 해주시네요. 다만 건의할게 하나 있다면, 배민원으로 배송기사가 배정이 어려울것같은 지역의 경우 배민원을 막아주시길 건의합니다."
153,156,일단 배달 자체가 개느림. 집근처 도보10분가게에서 시켰는데80분 넘게 걸림. 그런데도 긴급배차 한다고만하고 답이없음
154,157,어플이 갑자기 안열려요 갤럭시 광고 사진만 나와요 껐다켜봐도 ..계속 멈뭐있어요 다른앱은 다 됩니다
155,158,"배달을 받을 수 없다고 판단이 되면 운영을 중단하는게 순서이지 않나요? 2시간 가까이 기다리면서 셀프로 취소하라고 하고, 몇십분째 연결도 안되고 이게 맞나요?"
156,159,배달주문했는데 돈처먹고 배달안해줌. 심지어 가게에서 주문취소했다고 연락왔으나 배민에서는 매크로답변만 돌림.
157,160,한집 배달로 돈 더 더받으면서 배달은 1시간 30분이나 걸리네요 취소하려고 해도 상담 문의가 많다고 해주지도 않고 30분만에 연결 되니까 배달시작?? 장난치는거도 아니고 진짜 절대 다시는 안씁니다
158,161,"음식점 정렬할때 배달팁 기준으로 정렬하는데 ""무료"" 이 선택지는 고객 기만이라고 느껴집니다. 무료 고른 사람들은 단순히 무료를 원하는거잖아요. 배달팁 0~5000원 < 이런곳도 배달팁 무료 항목에 포함이 되어있는데 막상 보면 ""10만원 이상 주문 시 무료, 그 이하 5천원"" 이런식이 대부분이죠. 저렇게 배달팁 무료 탭에 ""진짜"" 무료인 곳이 없는데 음식점들이 본인 가게 노출 더 시키려고 악용되고 있다는 생각이 드는데요, 피해보는건 노출 경쟁에 밀리게 되는 진짜로 배달팁 무료인 음식점과 그걸 찾는 고객인데 배달팁 더 걷기위해 배달팁무료인 음식점들을 배척하려고 시스템을 일부러 이런식으로 유도해서 만들었다는 생각이 드는데 그냥 너무 악질적이다 라고밖에 못하겠네요. +다시보니 그냥 배달팁 기준 정렬 자체를 뜯어고쳐야겠네요 배달팁 0~5000원인 가게가 배달팁 무료, 1000원이하, 2000원이하, 3000원이하 모든 항목에 포함이 되네요. 정렬이 의미가 있습니까?"
159,162,"고객센터 전화해도 연결안됨 , 모바일도 연결안됨 . 배달주문했는데 40분 예상시간이라고 하면서 1시간 40분 걸림 그에대한 사과도 없음 개선도 없음 전화도 안받음 왜 배민을 이때까지 썻는미 모르겟음. 또한번은 별점 2이하가 전혀 없어서 맛있겟거니 시켯습니다. 배달빨리왔지만 음식 상태가 너무 안좋고 맛이없더라구요 리뷰 1점 남겼더니 배달이 늦어저서 그런거라고 핑계대며 내 리뷰를 가려버리네요 이제 보니 그 배달집은 1점2점 리뷰가 왜 없는지 알겟더라구요 ㅎㅎㅎ 그동안 배민 감사했어요"
160,163,배달 지연 및 상담사 연결 지연이 너무 심합니다. 배달 예상 시간 최대 40분인데 1시간 넘게 배달 출발 안했구요 상담사 연결도 너무 오래 걸리네요
161,164,왜 검색창에 메뉴 찍으면 가게배달은 안뜨나요? 한집 알뜰 뭐 이딴 것들만 뜨게 해놨네요? 쓰기 너무 불편합니다.
162,165,배차가 늦게 되다보니 배달 예정시간이 들쑥날쑥해요 한 시간이 배달 예정시간이면 추가로 20분 더 걸린다고 하는 일이 많아요 알뜰배달도 시키면 삼각형으로 다른 집 들렸다가 삥 돌아와서 다 식은 음식이 배달될 때도 많아요
163,166,이럴거면 한집배달을 뭐하러 만든거죠? 맨날 예정도착시간보다 많이 밀리고 어떠한 안내도 오지않아요 최소한 늦어지면 안내라도 해줘야하는거 아닌가요? 돈더내가면서 배민1은 다신 이용 안할것같습니다 시스템적으로 문제가 굉장히많네요
164,167,앱이 엄청 느려졌어요. 스크롤 할때마다 랙걸려서 제대로 볼수가 없네요. 이럴거면 왜 바꾼거지?
165,168,찜 일일이 하나하나 수정해야하는데.. 일괄로 편집가능하게 해주세요. 문닫은집도 있은데..거기도 일일이 들어가서 해야하니 너무 불편하네요
166,169,진짜 1등어플 안전빵이라고 너무 막 운영한다. 진짜 배달 매칭도 제대로 되지도 않고 오로지 배민 운영센터 무능함으로 항상 맨날 식어서옴 잘대 한집배달 쓰지마세요. 하 진짜 맨날 식어서 쳐오고 왜 항상 사장님들한테 죄송합니다라고 들어야하는지 나도 죄송해지는 쓰레기 어플 진짜 그럼에도 불구하고 쓸 수밖에 없는 앱이라 열받음
167,170,결제하려고하면 장바구니 창에서 흰화면만 나오는건 뭐 어떡하란건가요 삭제하고 다시 설치해도 그대로인데 뭔 방법이라도 알아야 주문을 하든 말든하지
168,171,이 어플 쓰지 마세요. 완전 사기에요. 먹어봤는데 맛없는데도 그런말보다는 이런게 입맛에 안 맞았다는 식으로 작성했는데 업주가 신고하면(저흰 무슨 허위작성으로ㅋㅋㅋ) 사실 관계와 상관없이 1달 블라인드 처리해버리는데 이걸 신고취소요청을 직접해야한데요 그런데 그게 너무 복잡해서 결국 못했습니다. 리뷰믿지마세요. 그런식으로 리뷰 다 지워버리더라구요ㅎㅎ 어쩐지 별점 5개짜리가 너무 많다 싶더라니.. 그리고 무슨 전화해보니까 본인은 전화업무만한다.. 그럼 다른 관계자 바꿔주거나 번호알려달라니까 본인은 모른다.. ㅋㅋㅋ
169,172,"한집 배달 시키고 2시간 지연되는데 고객센터 계속 전화 연결이 안되더라구요. 눈 왔으니까 저만 그랬던건 아니겠죠. 배달이 늦게 오는게 문제가 아니라, 미리 주문전에 배달 정보에 시간이 반영되어있었으면 좋았을것 같네요. 제가 봤던 소요 시간은 평소 같이 40분 정도였어요. 저는 배달이 그렇게 늦을지 몰랐지만, 배민에서는 아침부터 내렸던 눈인데 충분히 반영하고 알 수있는 부분이었다고 생각해요. 반영하는게 기술적으로 어려운 부분이라면, 서비스적으로라도 성장했으면 좋겠어요. 제가 직접 픽업할 수라도 있게해야지 2시간 뒤에는 오려나 통보하고 기다리게 하는건 아니라고 생각합니다."
170,173,혼자 음식할 수 있도록 도움을 주는 어플. 30분 걸리는걸 1시간 30분으로 늘리는 기적의 시간예측 시스템. 점점 초라해지는 혜택과 비싸지는 음식과 배달비. 배달비 보면 택시타고 내가 갔다오는게 더 저렴할거 같음. 그냥 당일배송으로 음식 사는게 더 맛있고 빠르고 돈낭비 안합니다.
171,174,요즘들어 배달이 매번 지연된다고 하고 배달기사가 배정이 안된다는데 개선이 필요해 보여요 적어도 한집배달을 시켰으면 그만큼 돈을 더 낸건데 빨리 배달될 수 있도록 해야하는거 아닌가요? 아니면 한집배달 시킨 배송비라도 차감해줘야 하는거 아닌가요? 안내문자만 보낸다고 끝날게 아닌것 같습니다만 기본배달보다도 늦게 오면 어쩌자는걸까요...
172,175,배달 직접 받을게요 누른 적이 한 번도 없고 늘 비대면 설정 해 놓는데 가끔씩 그 설정이 풀리는지 자꾸 직접 받을게요로 바뀌어 있습니다. 문 앞에 놓고 가실 줄 알았는데 끊임없이 문 두드리실 때마다 민망해요. 내 설정 저장해놓게 해주시던가 설정 초기화하는 요소 좀 점검해주세요;;;
173,176,다른건 모르겠고 가게 위치를 써두지만 말고 지도에서 정확한 위치를 확인할 수 있게 개선해줬으면 하네요 빠른 위치 확인이 어려워서 괜히 기대하고 메뉴 고른 후에 알고보니 4km 떨어져있고 이런 경우가 꽤 있어서 지도확인기능은 진짜 추가해주셨음 해요
174,177,기본 화면에서 배민1이 예전에는 따로 분리되어있어서 배민1메뉴를 탭해야 배민1으로 진행이됐는데 지금은 메인화면에 음식장르 선택하면 자동으로 배민1으로 진행되서 잡히는 시간도 훨씬 오래걸리고 불편합니다 메인메뉴에서 제발좀치워주세요 너무불편하고 잘못주문한것때문에 7시에 주문한메뉴 지금도 배달안와서 스트레스받아요
175,178,"이 어플 사용한지 7년이 넘었지만 이용하는데 불편하지만 어쩔수없이 사용 할수밖에 없게 만듭니다. 이제는 이용 안하려고 합니다 차라리 직접 전화주문 하는게 나을지도 모릅니다, 배달중인지 배달이 완료 되었는지 모든건 직접 일하는 분들 배달받은 사람들이 결정해야하는부분이기도 합니다. 서버 오류 문제도 소비자와 판매자가 결정해야합니다. 결코 배민에게는 문제가 없다는 식입니다 7년동안 항상 vip를 유지해왔고 배민 카드까지 만들었지만 배민이라는 어플이 좋다고 할 수 없을것 같습니다, 더 좋은 어플. 회사가 되려면 서비스 측면에서 오류를 줄이고 귀를 기울이는 방법이지 않을까 싶습니다. 오랜기간 이용한 고객이라고 생각하기 때문에 제 리뷰가 다른 고객들과 같은 복사 + 붙여넣기 답글이라면 정말 배민은 i am 인생에서 delete 입니당"
176,179,배민1이 도입된지 꽤 된것같은데 아직도 시스템체계적으로 문제가 많네요 다른집이랑 겹쳐서 음식이 바뀌기까지 하고 결국 다시 만들어서 받기로 하고 기다리는데 배민1에서 문제생긴거 그냥 배달이라도 빨리해주겠거니 했는데.. 진짜로 1시간을 또 기다려서 결국 월래 음식 받기까지 2시간이 넘도록 걸렸어요 쿠폰도 쿠폰이지만 진짜 음식을 못받고 기다리는게 더 힘들어요
177,180,"[기능추가제안] 음식값 결제를 카드와 배민페이로 나누어서 결제가 가능했으면 좋겠습니다. 저는 직장인인데 예를들어 회사에서 중식비로 10,000원을 지원해주는 경우, 15,000원짜리를 주문하고 싶어도 금액이 초과되어 주문하지 못합니다. 만약 분할결제가 가능하다면, 10,000원은 법인카드 등으로 계산하고 나머지 5,000원을 미리 충전해놓은 배민페이로 결제하면 너무 좋을 것 같습니다. 배민 입장에서도 주문량이 증가될 수 있어 좋을 것 같습니다."
178,181,업데이트하고 오류가 너무 심해요 ㅠㅜ 사장님이 포장 완료 누르셔도 저는 주문 준비중으로 보이고 리뷰쓰기 하고 저장하면 저장버튼만 3번 눌린것처럼 팝업이 여러번 뜨고 무엇보다 리뷰 작성하다 앞에 글에 추가하고 다시 이어 적으려면 자꾸 수정했던 칸으로 이동되어서 쓸수가 없어요ㅠㅜㅜ
179,182,1. 매장수 늘려보이려고 동일매장 반복해서 계속 나오게 함 2. 이벤트 전체보려고 해도 눌리지도 않고 20여개넘는페이지 하나하나 넘겨야함 3. 자영업자 수수료 개많이받아가고 배달비는 점점 올라가고 앱개발만들었으니 나머지는 배달대행 입점매장이 알아서 하라는식의 운영방침
180,183,"항상 불편했던건데 찜 가게 주소별로 다르게 드러나게 하는 기능 있었으면 좋겠어요! A 주소에서는 A 주소에서 찜한 가게들만, B 주소에서는 B 주소에서 찜한 가게들만 표시되게요.. 이곳 저곳 몇개월씩 거주지 바꾸며 왔다갔다 하는 입장에서는 찜한곳이 다 이용하는 가게들인데 주소별로 이리저리 찾기 불편하네용.. 만약 주소별로 분리가 된다면 다른 주소에서 잘못 주문하는 일도 줄지 않을까.. 조심스레 예상해봅니다..!"
181,184,살다살다 그냥배달주문하면 팁4000원인데 알뜰주문하면 배달팁 작으니 다거절했다고 음식주문한지 거의40분만에 취소해야한다고 고객센터전화옴. 전에 다른사장님들테 들었을때 업체측에서 수수료 한달7만원만내면 업체측은 더이상 배달수수료 따로지급하는거없다했는데 가면갈수록 배민라이더들 팁은 4천원5천원까지하는데는 늘어나고 이따위로시켜먹을바에는 귀찮아도 나가서 외식하거나 혼자해먹는게 맞는듯.
182,185,배달의 민족을 몇번썼는데 최근들어 기사들의 배달이 안됩니다. 고의적으로 배차를 안하는건지 아니면 추워서 안하는건지 모르겠네요 마지막으로 한번만더 써보고 같은 상황이면 타 배달업체로 갈아타겠습니다. 3번정도면 기회 많이 준것같습니다.
183,186,"+어플 화면 너무 번잡하고 가독성 떨어짐 다른 어플은 깔끔하던데 너무 비교됨.. 앱 버그도 심함 ,그리고 제발 비마트화면좀 자동으로 안들어가게해주세요 +요즘에 배민 배달이 시간내에 온적이 단 한번도없음 한번시키면 최소 한시간은 기본으로 기다려야하는데 (두시간도기다림, 두시간 기다린건 쿠폰이라도 받았는데 한시간반은 그런거도 없음ㅋㅋ) 미리 고지라도 하지 계속 라이더 찾고있다는 말만 반복. 한두번도 아니고 배달이 계속 오래걸리는거면 라이더 시스템을 바꾸던가 다른 해결책을 찾아야하지않나요"
184,187,다른거 다 좋은데 배달현황 시스템 좀 고쳤으면 좋겠네요 실시간으로 바뀌는 것도 있고 안 바뀌는거도 있는데 도착 시간보다 늦게오거나 빨리 오거나 했을때 직접 결재를 하는 사람들은 문 앞에서 기다리거나 너무 빨리와서 벨소리를 못 듣고 라이더님들 기다리게 하는데 그럼 가게에서 전화로 불평만 하고 끊는데 좀 고쳤으면 하네요
185,188,배달비가 오르면서 비싸다고 생각되는데 책정 되는 기준이 뭔지 참 궁금한 가게랑 소비자랑 나눠서 부담인거로 아는데 걸어서 5분이내 가게들도 최소 3천원임 그래서 있는게 포장 픽업이 있는데요? 라고 하기엔 좀 거리가 애매한 거리들 일부지역들은 적정 거리 금액이 책정 되는게 아닌 가게에서 내건 배달비용을 소비자가 직접 확인해서 체크까지 해서 추가해야하는 경우까지 있음 못볼때도 있고 가게측에서 애매하게 공지를 걸어놓으면 불편함은 소비자의 몫인데 한두곳이 아니라 매번 확인해야하는 번거로움이 발생 한번은 배달비용 3천원으로 확인된 매장에 주문을 했는데 전화가 와서 들어보니 추가 배달비용에 할증까지 합해서 배로 내야한다는 통화를 듣고나서 취소함 배고픈데 메뉴보면서 먹고 싶은게 있는데 이게 다른 요소로 인해서 틀어지면 얼마나 짜증나는 일인지 모를거임 배달 시간이 늦는다거나 저런 사례로 취소하는 경우나 등등 이런 문제들을 고쳤으면 좋겠음
186,189,배달업계 1위라 등록된 가게가 많은건 장점. 쿠팡잇츠에 비해 가격이 비싸고 배달료가 비싼건 소비자를 점점 떠나게하는 점이겠네요. 돈 많은 쿠팡을 이기는게 어렵겠지만.. 소비자는 같은 품목이면 싼게 최고니깐요.
187,190,업데이트하고 배민 1으로 먼저들어가지는거 너무 불편합니다. 뒤로 가기 몇번 눌러서 배달시키는것도. 광고배너가 많아서 움직일때마다 잘못눌러서 광고뜨는것도 불편하네요. 처음이 가장 나은거같아요
188,191,고객 지원센터 일안합니다. 한집배달 시켜도 2시간 넘게 도착하고 고객센터는 전화 돌리네요. 그리고 앱으로 3천원 할인쿠폰 주네요 ㅋㅋㅋ 근데 조건부 달린 쿠폰이라 사용하기도 번거롭습니다. 요새 배달비가 기본 3천원인데 하루 식사 제대로 못하고 기분만 망쳤네요 조금 돈을 더 내더라도 이젠 다른 어플 사용합니다.
189,192,"찜해놓은 가게가 최대 100개밖에 안나오네요..? 100개를 넘는다고 기존 가게가 삭제되는 건 아닌 듯 한데, 100개를 넘기면 가장 처음에 넣은 가게가 목록에서 사라지네요. 새로 추가한 가게를 지우면 다시 목록에 나타나구요."
190,193,진짜 별점 1개 매기는 어플 살면서 처음입니다 알뜰배달이라는 그지같은 제도 도입한 사람 누군지 몰라도 그냥 당장 자르십쇼 2시간 기다리고 배달 취소하고 한집배달시켜서 빠르게 해준다고 노력한다 해놓고 지금 40분째 기다리고 있습니다 아주 빡이 도네요 진짜 3시간 넘게 기다리고 밥 먹게 생겼네요 감사합니다.
191,194,"단연코 배달 플랫폼 중 최악. 배민을 쓸거면 절대 배민1을 쓰면 안됩니다. 라이저를 배민 쪽에서 배차해주는 시스템인데 그렇다보니 가게는 조리가 끝났는데 배차가 안 잡히면 가게와 고객은 무조건 기다리기만 해야합니다. 가게는 책임이 없으니 손놓고 있고 당연히 모든 피해는 고객만. 예전에는 정해진 시간내에 배달되지 않고 지연되면 몇천원 쿠폰이라도 주며 보상이라고 생색을 냈지만, 문제가 너무 자주 발생했는지 시스템을 몰래 바꿨습니다. 바로 도착 예정 시간이 몰래 슬금슬금 뒤로 밀리도록 만들어서 어쨋든 예정 시간내에는 도착했으니 책임이 없다는 식으로. 고객센터는 먹통이라 연결이 되려면 20~30분은 기본. 배민1 몇천원 할인에 낚이지 마시고 어차피 돈쓰는거 맛있게 제시간에 받을 수 있도록 다른 서비스를 이용하는 현명한 소비자가 되시기를 바랍니다. 단순히 어플의 문제가 아니라 서비스의 시스템부터가 무책임하게 만들어져서 개선 방법도 마땅히 없습니다. 배달앱 중 평가 최악인 것은 다 이유가 있어요"
192,195,"장바구니에 음식 삭제하는것처럼 범위내 식당도 삭제 버튼 있었으면 좋겠습니다.배달과정에서 더이상 배달 시키고 싶지 않은 식당을 계속 보는것보단, 내폰에서 식당 삭제 기능 있으면 유용할듯요."
193,196,주문내역없고 새로 가입한 부모님 폰으로 첫주문할인쿠폰 사용하려했는데 발급안해주고 친구초대코드 등록시켜드리려 했는데 프로모션대상이아니라고하고 사람 차별하는건지 정말 실망입니다
194,197,다른 앱보다 먹을곳 찾는게 더 많고 쉬워서 배고플때 시키기 딱 좋네여~^^
195,198,배민1 배달비 더 받는거면 빨리라도 오던지 돈은 돈대로 더 받고 배달도 느리면 뭐하러 돈 더 주고 시키는지 이해불가... +특정 거리 이상이면 자전거나 도보는 못 받게 하세요 제발... 그리고 한집 배달 (배민1)이면 말 그대로 바로 와야지 왜 다른데를 들렀다 오는지 이해가 안 가네요
196,199,라이더 잡히지도 않으면서 계속주문은 받고 취소만 몇번인지모르겠네요 그냥 쿠팡으로 갑니다 수고요
197,200,한집배달이 이득이라고 나와있는데 뭐가 이득인지 진짜 모르겠네요 라이더분들마다 다르겠지만 몇 번 사용해 봤지만 돈만 더 들지 시간은 더 오래 걸립니다 말이 안되요
198,201,라이더가 없으면 접수를 받지 마셔야죠. 일단 받아버리고 도착 예정 시간은 끝도 없이 늘어가고... 너무 늦어서 취소하려고 해도 상담량이 많다는 이유로 문의 연결도 안 되고 이게 뭐 하자는 거죠? 덕분에 한 시간 넘게 기다려서 차가운 치킨 잘 먹었습니다. 다시는 이 어플 안 쓸게요.
199,202,가게에 대한 개인적인 평가를 기록해서 해당가게를 클릭하면 이전에 내가해둔 메모를 확인할수있는 기능이 있었으면 좋겠습니다. 리뷰를 남겨놔도 시간이 흐르면 묻혀있어서 거르고자했던 가게에 또다시 주문하고 실망하곤합니다. 벌어가는 돈이 얼마인데 성의가 있다면 이정도 기능추가는 해줄수있지않을까요? 이딴글 쓰기전에 알아서
200,203,배민은 한집 배달 자꾸 늦어지는 거 고칠 생각도 의지도 없는 거 같네요. 이게 몇번째인지. 이제 주 배달 앱을 바꿀 때가 된 거 같네요.
201,204,"피크 타임에 배민원 한집배달 예상 배달 시간이 실제 배달 시간과 차이가 너무 많이 납니다. 주문하기 전에는 다른 앱 대비 빨리 도착하는것처럼 예상시간 표기하는데, 실제 배달에는 3배 정도 시간이 걸렸습니다. 다른 배달 앱으로 동일한 시간에 주문했을때 예상 시간과 비슷하게 도착한것과 대비됨."
202,205,광고알림을 어느 순간부터 멋대로 보내는데 왜 설정에도 다 꺼져있는데 광고푸시가 오는 거임?
203,206,배달 시간이 지연되면 그 이유 좀 고객한테도 알려줘야할거 같습니다 이유도 모른체 한참 지연되고 고객센터도 연락이 안되니 짜증만납니다
204,207,40분걸린대서 주문했는데 2시간넘어서 배달이 안되어 직접 가지러 감. 라이더를 배민에서 배차하기때문에 가게에서도 해줄 수 있는게 없다고 함. 배민 쓰지마세요 진짜 쓰레기 입니다.
205,208,매달 주문건에 대한 쿠폰 지급도 이상하게 바뀌고 광고에 레츠고좀 진짜 앵간치 못들어주겠네
206,209,쿠폰 장난질이 심하네요 쿠폰 받아놔도 '선착순'으로 '사용'을 못하면 못 쓰는건 누구 아이디어입니까? 선착순 다운로드 쿠폰은 흔하다만 이 방식은 처음보는데 창의적으로 화가 나게 하는군요 앱 쓰기 짜증나네요 이런 쿠폰은 안주느니만 못합니다. 배달 음식을 어떨때 시키나요? 혼자 먹을때도 있지만 여럿이 모여서 시간 맞춰 따뜻한 음식을 먹고 싶어서일때도 많지 않습니까. 이런식이면 선착순 할인 때문에 음식 먼저 일단 사야 하는건데 사람들 기다리는 동안 다 식으면 배달이나 포장의 메리트가 있나요?
207,210,배달지연이 심해요 한집배달도 오래걸림 배달기사가 특정시간대엔 없는듯 기사를 늘려야할거 같네요
208,211,진짜 어이없네요. 한집배달로 배달비 6천원내고 시켰는데 장난하시나요? 계속 늦어지길래 가게에 전화해봤더니 배달기사님 지정도 안해주고 40분이나 늦어지는게 말이나 됩니까? 이럴거면 한집배달이 왜 있고 배달비는 왜 그렇게 비싸게 받는겁니까? 이해가 안가네요. 다들 한집배달 사용하지 마세요.
209,212,최악이네요. 고객센터는 운영하고 있는건가요? 자주 연락하니 연결은 안되고 강제로 연락이 종료되고 있네요. 이정도면 고객이 이해해야 할 수준은 아닌 것 같습니다.
210,213,"다 좋은데 왜 포장주문에는 만나서 카드,현금결제가 없을까요?ㅠㅠ 필요할때가 있는데..ㅠㅠ"
211,214,업데이트를 하면 사용하기 편해야 하는 게 맞는 거 아닌가 싶은데 자꾸 뭘 시도하려고 하는 건지도 모르겠고 불편하기만 합니다 본인들도 사용할 텐데 느끼지 못하나요?
212,215,잘못 주문해서 젓가락 달라고 전화하는데!!! 연결이 안되..!!!! 이게 몇번째냐!!! 그냥 젓가락 기본으로 설정해라!!!!!!! 손가락으로 여러번 먹었다!!!!! 에휴
213,216,"배달시간 거짓말. 표기보다 2배 오래 걸린다. ---------------- 답변이 왔는데 더 나은 서비스로 보답하겠다는데, 언제 보답 받을런지 궁금하다. 빨리 온다해서 비싸도 한집 배달로 주문했는데, 1시간만에 도착한 싸늘하게 식은 치킨 다시 데워 먹는 기분은 알려나."
214,217,업데이트란건 불편사항과 버그들을 고쳐서 더좋은 사용을 위한거 아닌가요? 어떻게 업데이트를 했는데 저번보다 메뉴들이 더복잡하고 불편하고 난잡합니다. 심지어 배달현황에 위치파악이 가능하던게 사라져서 배달이 어디에있는지 언제쯤올지도 모르면서 기다려야합니다. 괜히 업데이트 했나싶기도하고 굳이 내가 이런 불편함들을 감수하면서까지 어플을 사용해야하나라는 생각도 드네요. 업데이트전까지는 정말 잘사용했는데 다음 업데이트가있기전까지는 사용하지 않을거같네요
215,218,업데이트 됐는데 왜 전에뜨던 주변 가게들이 하나도 안뜨고 만나서 결제도 막히고.. ㅋㅋㅋ 그냥 요기오로 갈아탈게요
216,219,업뎃할때마다이상해지는거 참고계속사용했는데 이젠 그만 삭제다~
217,220,"서비스 꽝, 시스템 꽝 지혼자 변경되어있음 이제 안쓸려고요 바뀔때 까지."
218,221,기본순에서 주문 많은 순으로 설정하고 가게 보다가 가게 눌러서 둘러보고 나오면 왜 자꾸 다시 기본순으로 되고 보던 위치가 아니라 젤 위로 올라가나요 너무 불편하고 짜증나요
219,222,업데이트이후 매장 반이상이 썰려나갔네요 찜해놓은 매장이 없어졌어요
220,223,"배민앱 삭제했습니다. 휴대폰 2개에서 각각의 어플에 같은주소를 입력했는데도 배달팁이 달라서 부당사유로 차액만큼 환불요청을 드렸는데 처음엔 위치팁이 다르면 차이가날수있다(동일주소로 입력해서 위치가같음), 두번째엔 시간이 차이가 나면 배달팁이다르다(동일시간 캡처본 재송부함) 등 변명을 하시더니 세번째엔 프로그램 오류가 아니고 같은 주소지여도 위경도가 다르면 배달팁이 다를수도있답니다. 배달팁 다른화면, 같은주소 설정되있는지 캡쳐해서 보내달라고 하셔서 메일로도 송부드리고 했는데 결국엔 위경도까지 변명이 등장하는군요. 배달하는데 위경도까지 따져야하는가 봅니다. 암튼 잘 웃었습니다. 부자되시기 바랍니다."
221,224,주문을하려해도 계속 본인인증 하래서 했는데 계속 주뮨 안됨 이번업데이트 때문에 안쓴다 아니 쓰고 싶어도 못사용 하는거지
222,225,배달은 간편해서 좋은데 한집 배달이라면서 1시간30분 걸려요
223,226,어플이 업데이트되면서 좋아진건 음식별로 리뷰를 볼수있어 좋습니다! 그런대..예전에 탭별로 상세메뉴를 보이게 또는 안보게 설정할수있어 굳이 필요없는 메뉴를 안봣는데 업데이트되고 그 기능이 삭제되서 현재는 모든 메뉴를 다봐야한다는 아주 쓸대없고 개불편한 단점이 생겨버렸습니다ㅠㅠ 그 기능 다시 돌려놔주세요ㅠㅠ 쓸대없이 내려서 보는거 너무 힘듭니다ㅠㅠ 제발 꼭 개선해주세요. 부탁드립니다ㅠㅠㅠㅜ 제발요!!!!! 아그리고.. 추가 건의사항이 있습니다! 상점에서 과도하게 깃발을 꽂는것때메 중복적으로 보이는게 너무 심합니다. 배민이나 업체가 돈벌어야한다는건 알지만 과도한 깃발 꽂기는 소비자입장에서 너무나 불필요합니다. 상점이 어떠냐에 따라 다른건대.. 각탭별로 하나씩만 하게 갯수제한 해주셨음 좋겠습니다!!!
224,227,시스템 최악이고 배달 시간은 정해진 시간보다 계속 늘어나고 진짜 삭제하고 다시는 안씁니다 고객을 아주 호구로 봅니다
225,228,하 그래 배달팁 비싼거? 상관없어 그런데 왜 배달팁으로 기만을하냐고2000~4000해두고 30만원이상 시켜야 2천원 장난하나 그럴거면 4천원이라고 확실하게 명시를하라고 기분더럽네 1~2개만 이러면몰라 거의모든 매장이 배달팁으로 기만질이여 배민에서 시키는거냐 개빡치는게 3천원이하 설정을해도 3천~7천 이리하면 검색할수있게 만들어둠 이러니 평점이 게속내려가지 문의를하면뭐해 어디개가 짖나하고넘어가는데
226,229,UI가 너무 불편하게 바뀜...첫화면부터 기본이 배민1으로 설정되어있는데 고객들 눈에는 잘 안보여서 이게 배민1으로 주문하는건지도 모름. 문제는 배민1으로는 배달 안하는 가게들이 생각보다 많아서 분명 영업중이고 배달가능한 매장인데도 불구하고 앱에서는 배민1을 기본으로 들어가게해놔서 이가게들이 배달불가라고 나옴...개불편해짐 그리고 어떤 가게에 직접 전화하면 배달된다고 하시는데 앱에서는 소비자들 본인의 지역위치 설정시 그 가게 목록이 안뜸...차라리 예전 UI가 훨씬 나은데 왜 이걸 고집하는지 이해가 안감 아마 이게 암암리에 수익 챙기기 더 쉬우니 그러겠지? 좀 더 조사해보고 공정위에 진정 넣어볼 생각
227,230,등급 쿠폰 한집+알뜰배달에만 가능하도록 바뀜. 한집+알뜰배달 배송시간 처음에 뜬 시간보다 연장되면 시간만 슬쩍바꾸고 별다른 공지없음. 이외에도 문제는 많은데 그냥 포기하게됨
228,231,매번 금매달인데 이번에 바뀌고 잘못 배달이되었는데 가게 전화도 할 수 없고 많이 불편하네요
229,232,카카오택시처럼 배달기사 오토바이마다 GPS달아서 픽업시 이동경로 위치 나오는거 안하나요? 배달비는 겁나게 올려받고 본인들 편의는 따질거 다따지면서 왜정작 모든피해는 이용자들이 감당하는것인지요? 회사가 투명하지 못한것 아닌가요?
230,233,상담원 연결도 안되고 기사는 안잡히고 배달시간은 한시간 반이넘어가고...
231,234,음식이 다른곳으로 배달되었는데 전화도 안되고 채팅 30분만에 연결되네요
232,235,찜과 반대로 별로였던 가게를 표시할 수 있는 기능이 있으면 좋겠습니다. 다른 사용자나 가게에선 알 수 없이 비공개 기록용으로 있으면 가게 선택시 용이할 것 같아요.
233,236,알뜰배달 만든이유좀 ㅋㅋ 지멋대로 늘어나서 2시간째 배달 못받고있음 못하게 막아놓던가 뭐하는건지
234,237,새로고침 눌렀을 때 메뉴추천 하는고 왜 없앴어요ㅠㅠ 메뉴고민 시간단축 개좋았는뎅ㅠㅠ
235,238,"이젠 운영을 아예 안하기로 했나봐요. 배달 배차 너무 오래 걸려 주문취소하려고하니 챗봇 상담사연결 안되고 고객센터 전화도 통화량이 많다고 ARS 나오고 그냥 전화 끊어버리네요. 헛 웃음만 나와요. 가게에서도 주문 취소 못한다는데 주문자도 주문 취소 하는 옵션도 없고 유일한 취소 옵션인 상담사연결이 안되니.. 쯥 참고로 저 오후 7시10분에 주문했고 지금 시간 오후 10시 19분... 아직도 전화 연결 안돼고 있네요.. 이번건 꼭 환불 받고 이제 다시는 배달의 민족 안쓰려고요. 이렇게 나쁜 경험, 소통 안되는 앱 사용하지마세요. 시간 낭비 에너지 낭비만 됩니다. 다시 한번 말씀드리는데 고객과의 소통은 기본중에 기본이며 이렇게 기본을 소홀하게 여기는 회사는 정말 최악입니다."
236,239,"업데이트에 불만이 있습니다. 기존 버전에선 배민오더로 주문할 시 지도를 이용해 주문할 매장을 선택할 수 있었습니다. 저는 집 근처에 음식점이 별로 없는 관계로 주로 자전거를 타고 20분정도 거리의 상가의 매장에서 주문하는데, 업데이트 이후로 지도를 이용한 주문 대신 집 주변에있는 음식점들의 리스트에서만 주문이 가능해졌습니다. 물론 기존 배민 오더의 지도를 이용한 주문 방식이 음식점을 카테고리별로 분류하지 못 하는점을 보완해야할 필요가 있었던것은 맞으며 이를 잘 보완했지만, 기존 지도 방식을 완전히 없애버려서 저 같은 경우에는 업데이트 이후 더 불편해졌습니다. 기존 방식의 단점을 메꾸는 시도는 좋지만, 기존 방식이 갖는 장점을 아예 없애버리면 업데이트한 의미가 없다고 봅니다. 가장 나은 해결책은 지도 방식과 리스트 방식 둘 다 이용 가능하게 하는 방법이겠지만, 어플이 무거워지는걸 고려하면 기존 지도 방식을 사용하되 따로 필터링을 두어 이용자가 원하는 종류의 음식만 볼 수있게 하는편이"
237,240,배달 받고 한참 뒤에 취소해서 난감해지는건 고객뿐 대책이나 보상도 없고 나몰라라 배째라 행정 나온지 몇년째인데 가장 기본적인 부분은 전혀 개선 여지 없음
238,241,"배달의민족 주문시 리뷰를 자주 참고하는 편입니다. 한가지 건의사항이 있다면 최신순,별점순 뿐만아니라 제가 주문하고자하는 메뉴를 특정해서 그 메뉴의 리뷰만 확인할 수 있는 기능이 있으면 좋을 것 같습니다. 메뉴검색 기능처럼 리뷰에서도 특정 메뉴 검색기능이 필요합니다. 주문수가 많지않은 메뉴의 리뷰를 보기 위해서 드래그하느라 시간이 많이 소요되는 비효율이 발생합니다. 긍정적으로 검토해주심 좋을 것 같습니다."
239,242,사용편의는 좋으나 배달수수료가 진짜 비쌈 여기말고 대체제가 많은데 무슨 배짱인지
240,243,배달 취소좀 어플 내에서 가능하게해라 가게에 전화하면 배민에 전화해서 처리하라하고 니들은 전화도 안받고 왜 돈쓰면서 기분까지 상해야하는지 배달시간 30분으로 명시해두고 1시간30분 넘게 걸렸는데 1시간 지난뒤부터 계속 전화거는데 받지도않으니 다신 사용안한다
241,244,주말에 채팅상담도 고객센터 전화도 안되면 어쩌라는거죠 사람을 더 쓰던지 취소를 영업점에서 할 수 있게 하던지 하세요 장난하나 1시간 넘게 전화안되서 취소도 못하고 한참 만에 배민원 배차되서는 1시간 반도 넘어서 받았네요 취소를 왜 지들만 할 수 있게 해놓고는 연결 안되면 어쩌라는 거야 짜증나게 답변도 성의없네요 분명 채팅도 안된다고 했는데...참...과연 이메일은 보내면 바로 취소를 해줬을까요?
242,245,"배민1주문하고 너무 오래걸려서 1초만에 취소할라니까 가게에선 상담센터에 말해야한다고 하고, 상담센터는 4시간동안 전화안받고, 그 사이 배달은 오고, 결론적으론 취소 환불 다 안된다고하고ㅋㅋ 밥은 못쳐먹고 그냥 가게랑 합의하에 취소할 수 있는 버튼 하나 만들면 될걸 못만드는 멍청한 회사 여지껏 이걸로 문제없이 음식쳐먹은게 신기한 수준이엇다"
243,246,오랜만에 배달음식 시켜봤는데. 2시간이 조금 넘어서 배달이 왔음.
244,247,업뎃하고나서 불편해짐 가독성이나 가게리스트 보는것도 상당히 불편해짐
245,248,배달 주소지 정확히 기재하고 문 앞에 두고 가달라 했는데 전화 못받았다고 재배송하거나 취소하려면 8000원씩이나 내라고 하네요. 요기요나 쿠팡이츠에서는 한번도 발생하지 않은 일인데 배민 정책 참 재밌습니다. 배달 주문할 때 전화 받지 못하는 상황에 있으면 8000원씩 부담하실 수 있으니 안전하게 타 배달어플 사용하시는 걸 권장드립니다. 전화 못받았다는 이유로 8000원씩 법적 근거없이 갈취당할 수 있으니 모두들 유의했으면 한다는 공익적 목적으로 제 경험을 공유합니다. 지금까지 배달의 민족에 천 만원 넘게 썼는데 참 기분 더럽네요ㅎㅎ 다시는 보지 맙시다.
246,249,최악 최악 진짜 최악 무슨 서비스가 상담원 연결도 안되고 전화번호 찾아서 입력해서 전화해도 안되고 채팅으로 코멘트를 적을 수도 없으며 가게에 전화해도 가게 주인한테도 권한 다 뻿어서 암것도 해줄 수 있는게 없다고 하며 찾아보면 가게주인 배달라이더 주문하는 고객 모두가 싫어하는 서비스를 제공함 배민1인가 이거 대체 왜 만든거냐?상담원 대폭 늘려서 아무 때나 전화해도 다 전화되게 하고 라이더 잘 배차시켜주는등 서비스 개선 안되면 니들은 쿠팡이츠에 금방 따라잡히고 망할거다
247,250,한개도 아깝다 알뜰배달은 3시간이 지나도 배송이 안오고 한집배달은 도착예상시간이 계속 늘어나고 배달 수수료를 올릴거면 라이더들부터 확보해라
248,251,알뜰배달? 일반 배달보다 몇 배는 더 느려요 진짜 황당해서ㅋㅋ 거의 2시간째 배달 안 오는 중ㅋㅋㅋㅋㅋ 그냥 쓰레기 옵션이네요 이딴 걸 쓸 바에야 일반배달로 주문하지 뭣하러 알뜰배달을 사용하나요?
249,252,오ㅐ 계속 주소 입력이 안돼요? 인터넷이 다 되는데 계속 연결이 불안정으로 나와요.
250,253,Android14에서 앱실행후 내정보수정 프로필 카메라선택시 사진 및 동영상 선택시 버튼이 비활성화되는 현상으로 메일전달했었는데 회신이 없어 글남깁니다. 수정및 계획있으시면 공유부탁드립니다.
251,254,"서비스만 많아지고 배차느려지는건 계속기다려라 시전, 최대 배달시간은 그래도 지켜야하는거 아닌가. 다음에 개선하겟다 결국 배민 1으로 시키라는거밖테 더되나, 할인쿠폰많이주고 하는거같지만 실상 서비스 개선의지 1도없음. 이러니 쿠팡한테 먹히지"
252,255,환경설정에서 이벤트 혜택 알림이나 마케팅 정보 수신 동의를 껐음에도 계속해서 광고 푸시 알림이 뜹니다.
253,256,뭔 배달시킨지 거의 30분 지나서 배차지연 되니까 취소하라고 하네 말 할거면 좀 빨리 얘기하지 예전에는 지연되면 쿠폰이라도 주더니 이젠 뭐 당연하다는듯 지연되네요
254,257,오늘 갑자기 이상해졌어요. 메뉴 담고 장바구니란으로 넘어가지지 않고 하얀화면만 떠서 삭제 후 재설치 했는데 로그인 하려니까 또 하얀화면만 뜨는데 이거 조치 좀 취해주세요. 갤럭시 노트9 입니다.
255,258,배달의민족 자주 사용하던 이용자입니다. 걸어서 15분 거리인 음식점을 한집배달로 시켰는데도 50분 걸려서 오네요. 배달팁은 9천원 받는데 배달속도도 엄청 느립니다. 한집배달 다시는 안 시킬 것 같네요...
256,259,안녕하세요. 하고 싶은 말이 있는데요. 왠지 미안한 내용이 될까봐 걱정하고 있습니다. 그럼 말할게요. 장애인들이 운영하고 있는 음식점 이라고 앱에 다가 표시가 있다면 좋을것 같습니다. 이유는 모르겠지만 있다면 왠지 모르게 마음이 약간 이라도 편해질 것 같기도 합니다. 그리고 저는 문의사항을 할 줄 모릅니다. 그리고 왠지 무례한 짓을 할까봐 항상 걱정하고 무섭게 느끼고 있다고 합니다. 정말로 죄송합니다.
257,260,어플에서 배달현황 확인하려니까 일시적인오류라고 다시 시도하라고만 떠서 못봄 해결하려고 고객센터 연결하려니까 연결 안됨 채팅도 물론 연결안됨 20통정도 갈기고 연결되서 기다리는데 5분기다리고 다시 전화하라며 취소됨 뭣같은 고객센터 운영 👍
258,261,기상 악화로 2시간 가까이 지연이 예상되거나 라이더 수급이 안되는 상황이면 배달을 막아놓아야 하는거 아닌가요? 타 배달어플은 배달 막아놓았는데 배민은 되길래 혹시나 싶었는데.. 그저 안 막아놓은거였네요. 성능 개선이 필요해보입니다. 지금도 하염없이 기다리면서 연결되지 않는 고객센터 전화만 수십통째입니다. 이와중에 맛있었다면 리뷰 남겨달라는 팝업은 왜 뜨나요. 약 올리는 것도 아니고... 오늘부로 배민 지웁니다.
259,262,자기의 주문내역을 스스로 정리해 놓을수 있는 먼가가 생겼으면 좋겠습니다 폴더같이 음식별로 주문내역을 나눠놓는다던지 스스로의 점수별로 나눠놓는다던지 피자를 먹고싶을때. 이전에 맛있었던 피자집이 어딘지 까먹는. 이런 경우가 많네요
260,263,배민 앱은 익숙해져서 편한거지. 이용하다보면 고객센터는 연락이 안되고 연락해도 제대로된 대처를 기대할수 없습니다. 다른 앱 사용하는걸 추천드립니다. 돈도 벌만큼 벌면서 상담사가 부족해 고객센터에 연락하나 하는게 힘듭니다.
261,264,가까운 곳부터 보여줘야지 왜 거리 먼곳부터 보여주는 건데 매번 들어 갈때마다 거리순으로 바꿔줘야 하고 배달비 쿠폰이든 뭐든 지정된 가게에만 사용 가능 하고 내 참 더러워서 그냥 가게 전번 확인용으로만 사용중 그외엔 쓰잘데기 없는 앱
262,265,"새로고침 할 때 메뉴 종류가 떠서 시키기 전 고르는 데 도움되었는데, 업데이트 이후 이젠 '땡겨서 ~ 리프레시'라는 문구가 뜨니까 아쉽네요....ㅠ"
263,266,"장바구니 흰 화면 오류가 나더니 다른 것도 먹통, 캐시와 데이터를 지우고 재접속을 해도 먹통. 와이파이와 인터넷 재설정해도 오류. 어플 재설치했더니 로그인 오류..."
264,267,적당히 해야지..라이더 찾는 중이 한시간을 넘어가는데 장난하나 ㅡㅡ알뜰배달 한집배달 하지마세요
265,268,그런데 배달하는 오토바이 중 시끄럽고 요란한 소리내는 오토바이 운전 하는 사람 한테는 일을 안줘서 배달하는 사람들을 개도 하는데 앞장서서 국민들한테 좋은 이미지 심어 보시는건 어떠실런지요
266,269,이상한 기능좀 더늘리지말고 그전에 하던대로 했으면 합니다
267,270,업뎃을 이상하게 해놔서 문 열린가게들도 하나도안나오고 그지같아서 요기요로 갈아탑니다
268,271,배민1 배달은 배달비 더 받아가면서 배달원이 없어서 1시간 이상씩 기다리는게 맞나요?? 그럼 왜 시킴?? 한두번도 아닌데 고쳐지는게 없네요
269,272,가면갈수록 별로네요 수수료도 비싸지고..
270,273,점점 불편해지는 업데이트 내용 사용자 편의라곤 찾아볼수없음
271,274,진짜 업데이트 뭣같게 해놨네요 그리고 다영업중인데 무슨 휴무라고 오류뜨고있고 답이없네요
272,275,배달온인가 뭐시긴가 관리도 못하는 시스템 만들어서 전용 배달원이 배치가 안되서 다된음식 갖다 주지도 못하는거 쓰레기 같아서 못쓰겠음
273,276,다른 불편함점도 많은데 그냥 넘어가며 쓰고있고있었는데 1월에도 배달도 안오고 취소되더니 오늘도 그러네요 그냥 다른 타앱으로 갈아타려고요
274,277,한시간 넘게 배달안와서 고객센터 계속 전화해도 연결안돼서 40분을 기다려서 겨우 고객센터 전화오고 결국 음식은 두시간 넘게 기다려서 받았습니다 고객센터 응대도 정말 성의없고...정말 배째라식 운영이에요ㅋㅋ 별 한개도 주기 아깝네요
275,278,수저포크 기본 X로 되어있는거 진짜 개짜증나네요 오늘 주문한건 손으로 먹어야할 지경입니다 감사합니다~
276,279,아니 상담사분들과 배달기사 분들이 너무 적은거 같습니다. 가계에서 픽업이 안된다고 연락와서 주문 취소 하려 고객센터에 연락을 해도 기본 1시간은 있어야 고객센터로 연락 가능하네요. 배달지 주소 변경하려 또 고객센터에 연락해도 기본 1시간 기다리니 이미 배달 완료 뜨고 솔직히 너무 심한거 같습니다. 이제 이용 안할꺼 같네요.
277,280,상담사 연결에 기다리는것도 아니고 바로 통화종료시키네요? 서비스상태가 너무 최악이네요
278,281,배달배차가 늦는것도 30분까진 이해가능. 근데 나와있는 시간이 제일 짧게 바로 배달가능한 한집배달이 최대 46분인데 / 시킬때마다 38분어쩌구해놓고 새로고침하면 그대로 늘어나서 결국 1시간 30분 넘게 기다림. 해결방안이든 보상이든 이건 배민시스템문제고 가게피해가는 환불을해준다는것도 말이 안됨. 이제 그만쓰겠습니당 답변은 기사부족으로 하는것도 모르겠음. 내가 질문한건 기존안내시간보다 달라지면 문자나 알림을 주든가 쓱 몰래바꿔서 가게손님 다피해감 이제 지웁니다요
279,282,라이더가 부족한건지 모르겠는데 요즘 음식을 시켜도 두시간 뒤에 와요.
280,283,앱 업데이트 후 불편 주문시 기본 저장되어있던 요청사항이 초기화 되어있었다 당연히 원래 정보가 저장되어 있는줄 알고 주문함 저장된 요청사항이 문앞에두고 문자달라 개가짖는다 는건데 문앞에두고 벨 눌러주세요로 바껴있어서 새벽시간인데 개3마리 짖고 난리도아니었다 내가 당연히 저장사항이 안바뀐줄 알고 확인안한 내잘못도 있지만 지금껏 한번도 이런경우가없어서 생각지도못했다 개 짜증난다 알겠나
281,284,가면 갈수록 불편해지네요.. 바꿀거면 좋게 바꾸시든가 어떻게 된게 점점 퇴화를 하죠?ㅋㅋ 앱 별점 곱창난거 안보이시나요?
282,285,배달사고 겁나남 오늘까지 연속3번 배달 다른곳으로감 욕나옴 1점도 아깝다 도대체 시스템 어떻게 되있으면 다른곳에만감ㅋㅋ
283,286,배달 예상 소요시간에 비해서 너무 늦게 배달옵니다. 가게에 전화해보면 배차가 안돼서 못보내고 있다고 하고..고객센터는 전화도 안받고..도대체 시스템 관리를 어떻게 하고있는건지 진짜 너무 하네요. 쿠팡잇츠로 갈아타려합니다 수고하세요.
284,287,지금은 갑자기 다 배달이 안돼요 버그 수정해봐요 힘내요
285,288,지금왜 계속 안되나요? 운영시간에 다시찾아달라는 말이랑 가게가 하나도 안열려있고 공지된것도 없는데
286,289,장바구니 상하로 플릭킹하는데 자꾸 좌우 탭이동으로 오작동한다는 말을 왜 못알아듣는척 하는거죠? 터치 인터랙션 조정하면 돼요. 아래에도 다른분이 같은 리뷰 남기셨는데 무슨 말인지 모르겠다는 식으로 답변 복붙하셨더라구요? 무슨 말인지 모르겠으면 UX나 개발 담당부서에 원문 그대로 전달하시면 됩니다. 중간에 커트하지 말구요. 인터랙션 오작동으로 탭이동했다가 다시 돌아오면 선택했던 항목들이 죄다 리셋 돼서 B마트 자주 쓰는 사람은 엄청 짜증납니다. 제발 개선 좀 해 주세요.
287,290,"배민 가맹점입니다 울트라 콜과 배민1으로 나뉘는데 배민원을 이용 안 할 시 가맹점문구가 ""이번주는 쉬어요"" 라고 표기되어 있어서 일반 가게가 휴무인 줄 알고. 전화로 장사를 하는지. 여부를 묻는 고객이 많습니다. 이에 문구를 ""가게 배달로 주문 가능"" 혹은. ""울트라콜로 주문가능"" 이라고 바꿔주세요. 의도적인 문구가 아니라면 변경요청합니다"
288,291,주문 UI 누가 개발한겁니까 되게 불편하네
289,292,이번에 꼼수로밖에 느껴지지 않는 거리추가금 때문에 어지저찌 사용하다가 떠납니다. 거리추가금이 있는데 거기에 또 추가로 지역별추가금까지(업주가 추가한) 이게 뭔가요? 그동안 이용자들 붙잡으려고 썻던 할인쿠폰 이걸로 만회하는건가요? 들어보나마나 배달료는 자신들께 아니다라고 하겠지만 그럼 수수료는요? 그걸로 다 빼먹는거 모를까봐요? 아무리 외각지역이라도 추가금에 또다시 추가금은 시켜먹지 말라는 뜻으로 이해하고 떠납니다. 뭐 이용할 사람들은 이용하겠지요...하하;; 다신 이용할일 없을꺼에요!
290,293,와 길 건너 배달을 1시간 걸리는게 말이 되는가? 날씨가 안좋더라도 이건 아닌듯 개선 좀 하세요. 가게 사장님들은 뭔 잘못입니까.. 다른곳으로 갈아 타렵니다ㅡㅡ
291,294,"대체 고객센터는 언제 일하나요? ^^ 배달 문제 있어서 고객센터 연결하려하는데, 상담원 연결로 밖에 해결 안되는 건인데, 고객센터 통화량이 많아서 상담이 어렵다? ㅋㅋㅋㅋㅋㅋ 그냥 고객센터 운영하지 마세요 이딴식으로 운영할거면"
292,295,배달 시켜도 배달도 안되고 라이더는없고 먹으란거지 말라는건지 하 일처리속도도 느리고 하...
293,296,VIP쿠폰을 계속~~~ 너프시켜서 이젠 배민 많이 이용해도 혜택이 없는 수준까지 왔네요.
294,297,"배민 최근 주문수 및 리뷰가 정확한 숫자로 뜨지 않고, 100+, 그리고 리뷰의 경우에도 최대 100+로만 떠서 맛집인지 어떤지 확인하려면 클릭을 1~2번 정도 더 해서 들어가야 하네요...주문수는 최소 10단위로는 알수 있도록 변경했으면 하고, 리뷰도 10단위로는 바꿔서 이용자가 바로 알 수 있게 했으면 편리할거 같네요"
295,298,정말정말 보완해주신다면 삶의 질이 두배는 올라갈 거 같은 점이 있습니다... 메뉴에 해당하는 리뷰를 메뉴에 들어가면 바로바로 볼 수 있게 리뷰와 메뉴가 연결되면 좋겠습니다 맨날 먹고 싶은 메뉴에 대한 리뷰를 남긴 사람이 없나 계속 스크롤내리면서 찾아보면 시간이 너무 오래 걸리고 귀찮아요 ㅜㅜ 혹시 이미 기능이 있는데 제가 모르는 거라면 죄송하고 알려주시면 감사하겠습니당..
296,299,이번에 메인화면 ui구조가 상당히 불편하게 바뀐 것 같습니다. 특히 이전에는 제가 시켰던 음식 목록을 한번에 찾을수있어서 편했는데 바뀐 이후에는 스크롤을 내려서 음식목록이 어디있는지 찾아야된다는점이 불편한거같아요. 가게 대표메뉴를 이미지로 보여주는 방식은 더 구미를 당기게한다는점에서는 좋은데 이전 ui구조가 정보 접근성 측면에서 더 편했던거같아요 ㅠ ㅠ
297,300,주소 입력이 안되어서 열받았습니다. 고쳐주세요. + 수동으로 입력 했는데도 안되어서 이런 리뷰를 남긴겁니다 ㅜㅜ 피드백 빠르시네요 ..ㅜㅜ 다른거 다 너무좋았는데 제일 중요한 주소지 등록이 안되어서 정말 화났었어요. 근처에 다른 상징적인 건물로 대신 설정하고 제가 직접 받으러 갔다올 뻔했거든요. 기사님이 요청사항 보고 찾아와주셔서 다행이죠.. 배달앱이 집까지 와주는게 좋은점인거잖아요.. 주소지 입력안되면 배달앱 사용할 이유가 없죠. 개발자님 기분상하지 않으셨으면 좋겠네요 ㅠ
298,301,이 어플의 가장 큰 문제점은 매장 지도확인 유무가 확률적이라는 점입니다. 지도를 시각적으로 확인하려먼 선택한 매장의 주문 메뉴가 배달-포장으로 분리되어 있을 때 포장을 선택해야지 확인할 수 있습니다. 다시 말해 해당 매장의 주문 메뉴가 배달-포장을 구분하지 않으면 주문을 결제하기 전까지 지도를 확인할 방법이 없다는 기적의 ui를 가지고 있다는 말입니다. 거기다 문제는 메인메뉴에서 포장탭을 선택해서 가게 검색을 했다고 해서 무조건 지도를 확인할 수 있는 게 아니라는 겁니다. 덕분에 포장주문 시킬 때 같은 이름의 다른 매장으로 잘못 찾아가는 일이 적잖이 발생합니다. 다른 배달 어플인 요기요는 100% 지도를 확인할 수 있었는데 왜 이 어플은 지도 확인을 확률제로 만들었나요?
299,302,배달시키기 편리하고 주문에 어려움이 없어서 자주 애용중
300,303,옛날엔 혜택별 쿠폰 기존 아무배달에도 적용이 가능했는데 어느순간부터 알뜰한집만 가능하게 바뀌었네요. 시켜먹는곳중에 알뜰한집 자체를 안하는 가게도 있던데 이럴거면 그냥 옛날처럼 어떤 주문이든 쿠폰가능하게끔 적용시켜주세요. 이용을 많이했단 증거가 등급인데 그에 맞는 혜택은 쓸수있는 범위가 줄어든 쿠폰인데 굳이 이용을 해야하나 싶습니다. 알뜰배달만 사용하게끔말고 기존 모든 쿠폰가능으로 바꿔주세요. 기존쿠폰도 최준금액이 조건이 점점 더 커지더니 이젠 알뜰로 바뀌어버리고 알뜰 안쓰는사람들은 쿠폰을 땅에다 버리는셈인데 등급혜택이 점점 더 좋아져야하는데 점점 더 안좋아지는게 참 아이러니하네요
301,304,첫화면 누구 생각인가요? 앱 사용해보고 만드신거 맞죠? 수수료 받아가서 한다는게 더 불편하게 만드는 건가요? 도대체 검색 칸을 만들어 두고 클릭하면 또다시 검색창으로 가지는건 누구 아이디언가요? 그럴거면 검색 창이 아니라 그냥 바로가기 버튼이죠. 민원24시 앱도 이거보단 직관적 일거 같네요.
302,305,배달 음식이 개인의 취향에 따라 입맛이 틀리기 때문에 때론 맛도 허접하고 개념 없는 사장도 있있지만 .. 이곳 저곳 잘 찾아 맛있는곳 찾으면 단골이 됩니다 .. 편하게 집에서 음식을 즐길수 있는 대한민국이 대단 합니다~^^배달의 민족 다양한 음식점이 많아 별점과 리뷰 보며 잘 찾아 맛있는 음식 먹을수 있어 좋아요~^^
303,306,"메뉴가 참 다양해서 좋음. 다만 메뉴 가격이나 편리성이 무색해지는 최소주문금액과 배달팁이 큰 단점. 메뉴 하나가 8천원 해도 최소주문금액이 만원이면, 결국 만6천 주고 2인분 시켜야됨. 거기다가 배달팁도 있음. 차라리 배달팁을 더 주고 1인배달을 시켜주든가, 2인분 이상이 배달이라고 하든가. 이해가 안되는 시스템."
304,307,아니 뭔 어플을 이상하게 바꿔서 쓰지도 못하겟네 그냥 전화로 시키는게 훨씬 편할듯요 배달비 아껴서 뭐하냐 배민1? 이런거 잘 몰라서 그냥 아날로그로 전화로 시켜먹는다 개더럽네 진짬1
305,308,배달이 3시간이 지나도 안와서 가게에 연락하려고 보니 영업종료여서 배민 고객센터에 전화했음. 밤 11시가 지나서인지 연결이 전혀안됨. 결국 음식 못 받음. 아침에 배민 고객센터 전화하니 상담원 말귀도 못알아먹고 배민1이 아니어서 해줄수있는게 없다함. 결국 가게에 연락함. 가게에서 나랑 배달대행업체랑 연락하라함....비대면으로 요청했는데 내가 왜 배달업체랑 전화해야하는지 모르겠음.. 3시간을 여기저기 통화함.. 배달업체나 가게나 나를 배달거지로 봄.. 사과도 없어서 왜 사과안하냐고 따져서 겨우받음.. 배달 기사가 다른 호실에(그 호실에서 음식들고갔음) 음식놔두고 문자도 없었고 주문완료도 안해서 그 사단이 남.. 배민은 아무것도 안함.. 음식값에 배민 수수료도 포함되어있잖아.. 배민에서 음식값에 수수료 넣어서 올려받으라고 했었잖아. 그런데 배민1이 아니어서 아무것도 못해?? 퉤
306,309,내가 주문했던 과거목록에서도 검색기능이 있었으면 좋겠어요.. 분명 이 가게에 시킨 기억은 있는데 뭘시켰고 맛있게 먹은게 맞는지 알고싶은데 찾기가 너무 어렵네요.. 먹던 메뉴도 검색가능했으면 좋겠어요! 예를 들면 곱창 을 치면 과거에 시킨 곱창목록이 뜨거나 혹은 가게 리뷰창에 내리뷰보기 가 있어도 좋을거같아요 :)
307,310,배민 어플 잘 이용하는 중입니다. 근데 배달기사 잘못인데도 배달기사 평가를 할수가 없어서 잘못없는 음식점이 피해를 받는경우도 종종있고 음식점 별점을 깍을순 없으니 억울하지만 그냥 넘어가는 경우가 생깁니다. 특히 배민 1에는 배달기사 평가가 생겼으면 좋겠네요 그리고 요청사항 저장을 음식점마다 다르게 저장하는 기능도 생겼으면 좋겠습니다. 맨날 시키는 곳이 다르니 저장을 해도 다시 써야하는 경우가 많네요
308,311,한집배달은 왜 만들었나요? 배달기사를 매칭시켜주지 않아서 가게측에선 음식을 만든지 67분이 지났다고 배달의민족측에서 취소를 해주지 않으면 가게에서도 해줄 수 있는 부분이 없다고 하는데 고객센터고 채팅상담이고 민원이 폭주해서 연락이 되지 않으면 한집배달로 주문한 소비자는 하염없이 2시간을 더 기다려야 하는 상황인데 이러한 상황에 대한 안내는 하나도 되어있지 않은데 한집배달이라는 서비스는 왜 만들어낸 건가요? 아직도 고객센터와 연락이 되지 않고 있고 주문 취소도 되지 않습니다
309,312,배달앱 중에선 배민이 제일 편한거 같아요~ 몇 년 사용하면서 꽤 불편하다고 느낀점이 있는데 가게 메뉴들 리스트에 적혀있는 설명(보통은 메뉴의 구성을 적어둡니다)과 메뉴를 선택해서 들어가면 보이는 설명이 다를 경우에 리스트에 적혀있는 글이 잘려서 다 안보이면 뒷내용을 알 수 없다는 점이예요. 사진에서 메뉴 구성을 한 눈에 볼 수 있는 메뉴들은 괜찮지만 마라탕과 같이 조리시 사진이 찍혀있는 경우 구성품을 전부 알기 힘든 경우에는 사리를 추가하거나 빼는것이 굉장히 난해합니다. 이런점 때문에 지난 몇 년간 같은 불편함을 격고 있습니다. 주변 지인분들도 공감하시더라구요. 개선되었으면 하네요.
310,313,"안녕하세요. 몇 년간 어플을 잘 사용하고 있는 유저입니다. 그런데 어플을 꽤 오래 사용하다보니 조금 불편한게 생겼습니다. 배달을 자주 시켜먹다보니 많은 가게들을 찜해놓게 됐는데, 찜한 가게가 많이 쌓이다보니 제가 원하는 가게를 찾기가 조금 번거롭습니다. 원하는 가게를 찾기 위해서는 스크롤을 하염없이 내려야합니다. 내가 찜한가게 내에 검색기능이나, 아니면 카테고리를 분류해서 볼 수 있는 기능이 추가된다면 사용하기에 조금 더 편리할 것 같습니다. 그리고, 찜한 가게를 선택해서 한 번에 여러개 해제할 수 있는 기능도 있으면 좋겠습니다. 찜해놓은 가게들 중 일부가 폐업 등의 이유로 주문이 불가하게 됐는데, 목록에서 자동으로 삭제가 되지 않고 남아있더라구요. 그런데 한 번 찜을 해제할 때마다 자꾸 목록이 맨 위로 올라가는 바람에 여간 번거로운게 아닙니다ㅠㅠ 목록이 보고있는 페이지가 고정되거나, 혹은 선택 삭제를 할 수 있는 기능이 있으면 좋을 것 같습니다. 감사합니다."
311,314,"맛집 동네 검색 있음 좋겠음 메뉴 종류 선택 장애 들을 위해서요 글이 잘못 전달 된거 같아 추가 작성합니다. 우리동네 맛집 검색은 있는데, 상호를 알아야만 검색할수 있습니다. 상호 검색은 우리 동네에 무슨 맛집이 있는지 알때 하는거자나요 제말은 검색어 없이 위치 기반으로 주변에 등록된 맛집들을 보여주면 그중에서 선택 할 수 있는 기능을 얘기한겁니다."
312,315,배달시키려고 음식을 주문한 뒤 결제창으로 넘어가야하는데 아무것도 뜨지 않네요. 재설치해도 똑같은데 오류인지 아닌지 점검 좀 해야 겠네요.
313,316,멀쩡히 잘 쓰고 있던 정렬 기능을 개편을 위해 삭제한 버전으로 스토어에 올렸다구요? 이게 말이나 되는 소린가요? 기능을 바꾸려고 했다면 먼저 그것부터 충분히 테스트하고 대체해야지 사용자들보고 그냥 참으라고 막무가내로 없데이트한다고? 그걸 누가 믿어요. 그게 아니라 그냥 사람들 간 보고 싶었겠지. 정렬 없어도 괜찮은지 아닌지. 진짜 개편을 위해서 그런 거였다면 그것대로 동네 구멍가게만도 못한 프로세스 수준인 거고. 여러모로 우형의 댕청함이 놀랍네요.
314,317,"메인에서 카테고리로 진입하면 텅 비어있거나 몇 안되는데, 검색하기로 찾으면 나오는 업체수가 상당히 많네요. 카테고리로 진입하면 배달 가능한 매장을 다 띄워주는게 아닌가요? 뭔가 범위가 엄청 좁게 설정되어있는 듯한 느낌입니다. 이 문제로 앱 내 문의하기 통해서 여러번 문의했는데, 최신버전 업뎃하라는 말같지도 않은 답변이 와서 여기다 적습니다."
315,318,메뉴 이름으로 검색 안 되고 가게 상호명만 검색할 수 있는거 너무 불편해요. 그리고 한식에서도 세부 카테고리가 정해져 있지 않아서 찾는 게 힘들고요.. 인터페이스도 깔끔하지 않고 너저분 해진거 같고 (배민라이더스 서비스 오픈 이후 밑스크롤에 무언가 많이 생겼네요) 복잡해요.
316,319,"오랫동안 애용중인 배민인입니다^^ 매장도 계속 추가되고 다양한 음식이 많아져서 정말 좋습니다. 하지만 아쉬운게 있다면, 메뉴사진이 추천메뉴에만 있어서 메뉴선택이 어려워요. 사진이 모두 있다면 메뉴선택이 더 수월할것같아요. 그리고가게 운영시간이 실제 운영시간과 맞지않은 곳이 몇몇있어서 불편함이 있고, 어느 가게는 배송료를 현금으로 받는곳이 있어서 현금이 없을땐 주문을 할 수 없어 아쉬워요. 어플사용에 항상 좋은 환경이 되게 개선 해주셔서 감사하며, 위 사항도 개선된다면 정말 더 좋을것 같아서 적었습니다. 수고하세요^^"
317,320,많이쓰다보니 편하기는한데.배달팁이 너무 부담스러워요. 장기적으로 쓸때 이벤트나 다양한 혜택이 한번씩이라도 있으면 좋을거같아요. 지난번 반찬집 배달시에 배달팁을 배달후 요청해서 당황했어요. 자세히 보고 주문했어야하는 제 잘못도 있지만 어떤건 배달팁 같이써있고 같이 결제되는데..상품구매후 별도 배달팁요청 부분은 좀 그랬습니다.확실히 눈에 잘보이게 개선되어 주문시 착오없게되면 좋겠어요! 반찬가게등도 웰빙등 더 많이 업로드 부탁드립니다.감사합니다
318,321,"메뉴별 리뷰 조회가 가능했으면 좋겠습니다. 결정에 불편합니다. 어차피 ""나 이거 먹고 싶은데 사람들이 뭐라고 했지?"" 하면서 필요한 것만 선별적으로 읽게 되는데 그 과정에서 스크롤링이 매우 귀찮습니다. 특정 메뉴에 대해 단순 기호 표현/매장이 기재하지 않은 재료를 알리는(알레르기 등) 리뷰들을 주로 필요로 하는 고객도 해당 기능으로 더 만족스러운 경험을 할 것으로 보입니다."
319,322,최근에 배민 혹은 갤럭시쪽 업데이트에서 문제가 있는것 같습니다. 밑에 다른 리뷰들 보니 저와 비슷한 현상을 겪고 계신분들이 있네요. *갤노트10+사용중 *로그인시 '일시적으로 연결이 불안정합니다' 라는 메시지 출력후 로그인 불능 *어플작동시 인트로 화면에서 넘어가지 않음. (무한로딩) *가게터치 혹은 장바구니의메뉴 주문버튼 터치시 로그인때와 동일한 문제 발생 *설치 삭제 후 재설치에도 동일한 문제 반복 *태블릿(갤탭7)으로 테스트시 정상작동함. 원인이 뭔지 모르겠는데 최근 한 일주일? 동안 계속 이러네요.
320,323,"배달앱 1등답게 정말 많은 매장과 보기편한 분류등으로 자주애용하고있습니다. 근데 사용하다보니 1가지 기능이 추가되었으면 하는데 어렵지 않을까 생각되는데, 가게 매장 이름 검색도 좋지만 메뉴이름으로 검색도 가능하면 좋을 거 같습니다. 며칠전 어떤 음식이 떠올라 먹고싶었는데 메뉴이름은 생각나는데 매장이름이 생각나지 않아 찾다 포기한 경험이 있거든요."
321,324,"정말 잘 쓰고있는데요, 결제 페이지에서 결제 실패하고 돌아오면 쿠폰 사용 설정이 초기화되면서 못쓰는 경우가 자주 있습니다. 결제 실패해도 해당 화면에 요청사항이랑 쿠폰 설정한 내역은 남아있으면 좋겠습니다. 처음부터 안쓸 생각으로 주문하면 모르겠는데 쓰려고 생각하다가 그런식으로 못쓰게되면 매우 기분이 나쁩니다"
322,325,어플의 구성이 좀~~ 그렇네요!! 메뉴의 전체사진이 있으면 좋겠는데.. 전단지 처럼!! 리뷰와 사진을 찾아보고서 주문을 하게 되네요.. 또한 주문 고객의 리뷰 작성시 자동으로.. 주문한 메뉴가 표시 되었으면 합니다.. 그래야 어떤 메뉴 사진인지 알아보기 쉽고 참고가 될 것 같네요~~
323,326,"포장 선택시 기존 지도상에서 보이던 가게들이 목록으로만 볼수 있게 봐뀐점은 너무 불편합니다. 포장 주문 특성상 내가 주문한 위치에서 가게가 얼마나 멀리 있는지, 어떤식으로 가야 하는지 지도상에 직접 눈으로 보고 결정하는 점도 있는건데 이건 일일이 목록상에서 가게를 보고 찍어서 지도로 가는길을 찾아 봐야 하는데 기존 지도와 목록 두가지 다 볼수 있던 것과 너무 불편하네요 두가지다 선택이 될수 있으면 좋겠습니다."
324,327,배달 앱 중에서 제일 편하고 정직하게 운영되는 것 같아 자주 시켜먹습니다. 근데 한 가지 아쉬운 점이 있다면 리뷰를 달지 않은 채로 모바일작업을 하고 있으면 배너가 작업창을 가려버립니다.. 이런 식으로 앱이 광고를 싸지르면 제 입장에서는 작업에 지장이 갈 수 밖에 없고요.. 애초에 리뷰는 사장님께 개선점이나 좋았던 점을 기재하는 건데 항상 그런 것들이 생겨날 수는 없는 것입니다.. 그렇기 때문에 리뷰요청 메시지를 화면을 점유하는 메시지가 아닌 카톡이나 휴대폰 메시지와 같은 상단 알림으로 변경해주었으면 합니다.. 앱이 화면을 점유해버려서 작업이 멈추면 가끔 빡치거든요
325,328,"몇년 전에는 다른 배달 앱 쓰다가 배달의민족만 계속쓰고 있는데요, 아쉬운 점이 있습니다 찜한가게가 딱 30개만 보이는 거요ㅜ 그렇다고 그 전에 했던 찜한가게가 없어지지는 않더라구요 찜한가게는 다 보여졌으면 좋겠습니다 또 리뷰를 보고 메뉴를 주문하려고 하는데 그 메뉴가 뭔지 몰라 주문을 망설였던 적이 몇 번 있어요 이건 아마 다른 앱에는 있는 기능일텐데 리뷰에 주문한 메뉴들도 자동으로 같이 뜨는 기능도 있었음 정말 좋겠어요! 배달의민족 정말 잘 쓰고 있습니당💕💕"
326,329,같은 브랜드인데 기본 나열이 왜 먼곳부터 나오는지 이해가 안되네요. 당연히 거리순이 가장 기본이 되야하는거 아닌가요? 아니면 설정 저장이라도 되게 해줘요. 나열순을 변경해도 매번 리셋되니 일일히 확인 못하고 급하게 배달시키다 똑같은 매뉴인데 다른 동네 가게에서 주문하는 바람에 추가배달비 계산한게 몇번째인지 모르겠네요. 일부러 이렇게 앱 개발 한겁니까? 사용자 리스트 설정 저장 기능 좀 추가해줘요.
327,330,"배달팁 낮은 순으로 정렬을 했을 때 대부분의 가게가 배달팁 0원부터 시작합니다. 하지만 막상 배달팁 정보를 보면 4~5만원 이상을 시켜야만 배달팁이 0원이고 실질적으로 3~6천원까지도 지불해야하는 가게가 많습니다. 이 자체로는 불만이 없으나 이런 가게들이 '배달팁 낮은 순'위 정렬에서 최상단으로 올라오는 것이 문제입니다. 실질적으로 배달팁이 낮은 가게들 (0원~1500원)은 썸네일 상으로는 찾기가 어려워 아래로 계속 스크롤을 해야만 찾을 수 있습니다. 높은 주문 가격에 배달팁 0원을 책정하는 것이 요새 가게들이 상단에 노출될 수 있는 편법인 것 같은데 이로 인해 소비자도 불편하고 실제로 낮은 배달팁을 제공하는 판매자도 매우 손해를 보는 시스템입니다. 가게의 평균 배달팁을 보여주든지, '0원~'으로만 표기하지말고 최대 배달팁까지도 표기가 되는 방향으로 앱 수정이 되었으면 합니다."
328,331,"잘 사용하고 있어요. 한가지 제안드릴게 있어서요. 음식점들 중에 배달비를 받는데가 있고 안받는데가 있는데요. 배달비를 안받는 음식점을 옵션으로 선택해서 분류할 수 있으면 좋겠어요. 지금 뜨는 창에 배달비 유무를 눈에 띠게 표시하면 업주들이 난리치겠죠? 그래서, 옆에 옵션으로 분류하는거 있잖아요? 주문 많이 한 순, 가까운 순 이런거요. 여기에 배달비 낮은 순 이런 옵션이 추가됬으면 좋겠어요."
329,332,지도앱이나 다른 주문어플에서는 위치서비스가 정상적으로 작동되는데 이 어플만 제 핸드폰에서 위치 서비스를 이용할 수가 없네요 혹시나 싶어서 지웟다가 다시 깔아봣더니 아예 검색자체도 안되서 사용을 할 수가 없네요 처음엔 위치서비스 잘 되다가 갑자기 왜 이런거죠 참고로 사용 기종은 s7엣지 입니다
330,333,단순 배달앱인줄 알았는데 도대체 무슨 개인정보를 캐가시려고 수상쩍게 캐시메모리 쳐먹으면서 백그라운드로 돌아가죠? 주기적으로 캐시메모리 정리를 하는데 이거는 죽여도 계속 재기동 되더군요. 프로그램 느리게 시작해도 좋으니까 개인정보 강탈 의심 안받으시려면 앱 비작동시 백그라운드에서 캐시메모리 먹는거 가능한한 빨리 수정 부탁드립니다.
331,334,"비회원으로 주문하고 kb pay로 결제해서 ""결제가 완료되었습니다"" 라고 됐는데 (처음이라 잘 몰라서 2번 반복해서 결제) 확인차 매장에 전화하니 결제가 안됐다고, 배민에 전화를 하니 결제가 안됐다고... kb, 배민 어느쪽 실수인지... 결제를 현장 결제를 하면 아주 아주 편할텐데 왜 이렇게 복잡하고 짜증나는 결제 과정을 거치는지... 외국 호텔 예약 결제보다 복잡하네요."
332,335,"어플을 편리하게 잘 쓰고 있습니다. 다만 검색시, 오류가 있습니다. 홈화면에서 처음 검색시에는 문제가 없지만 검색 후 창을 뒤로가기 하지않고 재 검색시 입력에 오류가 있습니다. 예를 들어, ㄱ을 한 번 입력하면 ㄱㄱ으로 두번 입력이 되고, ㅜ를 입력하면 ㄱ으로 입력이 됩니다. 이때 홈화면으로 돌아가면 문제가 없어집니다."
333,336,"쿠팡이츠가 노골적으로 라이더가 동시에 다건 배달하는 모습을 광고로까지 만들면서, 비판하는데 개선사항이 진행되는 모습이 없음. 배달 시스템을 개선할수는 없어도 사용자와 가게 주인 입장에서 주문상태에서 픽업현황 정돈 알수 있어야하지만, 이 픽업상태 변화를 라이더가 배달시작 버튼 누름으로 바꾸고 있음. 이러면 배달 늦어지면 가게만 민원 전화 들어오고, 사용자는 사용자대로 짜증나는 형태로 될거 같음. 해당 기능 관련해서 개선이 필요해 보입니다."
334,337,첫화면 바뀐거 너무 불편하고 별로예요 웹디자인 진짜 지저분해요 쇼핑라이브? 중요도가 떨어지는걸 첫화면에두고 막상 중요한 주문하는걸 버튼으로 들어가게 하는건 무슨일이죠? 다른 배달앱으로 갈아타고 싶을정도 검색하는것도 검색을 한번 누르고 또 눌러야지 검색이 되는건 뭐죠...? 왜 이런 쓸데없는 기능을 추가하신거죠?
335,338,"한창 장바구니에 메뉴 고르던중에 영업시간이 종료되는 경우도 있어 아쉬워요. 영업 마감시간이 임박했으면 그런 점이 강조돼서 보여졌으면 좋겠어요. 현재는 가게정보에 굳이 들어가서 봐야지만 그 게 확인되는데, 다 고르고나서 장바구니에 들어가서 주문넣으려고 할때 그제서야 영업시간이 아니라고 뜨니까 불편했던 적이 한두 번이 아니에요 - 그리고 배달앱으로만 영업하는 식당들이 위생 면에서 미디어에서 이슈가 여러 번 되던데, 그만큼 위생 면에서 믿고 먹을수있는 식당인지를 세스코멤버스 말고도 조리과정에 대한 위생 면이 검증되는 필터링도 있었으면 좋겠어요 msg가 얼마나 들어가는지, 전 재료가 어떤지 같은부분도 투명하게 알수있게되면 더 좋고요 - 그리고 주문했던 식당에서 리뷰 볼때 주문자본인이 남겼던 리뷰를 다시 쉽게 골라볼수있게 개선되면 좋겠네요 어떤메뉴에 어떤맛조절에 어떤옵션으로 주문했었는지 등을 다시볼수 있 - 위와 같은 면들이 개선된다면, 등록된 식당수가 많기때문에 편리하게 잘 이용할수 있"
336,339,"1. 메뉴 선택란에서 해당 메뉴를 주문한 사람의 리뷰를 볼 수 있는 기능이 있었으면 좋겠습니다. 주문하기 전 특정 메뉴에 대한 리뷰를 보고 싶은데 직접 리뷰란을 스크롤하면서 찾기 너무 번거롭고 불편합니다. 다른 배달앱인 요*요에는 예전부터 있었던 굉장히 유용한 기능인데 배민에도 생겼으면 좋겠습니다. 2. 배달팁 낮은순 정렬 시스템이 개선되었으면 좋겠습니다. 배달팁이 저렴한 곳을 찾고 싶어서 그 기능을 사용하는건데 배달팁이 500~1000원인 가게보다 0~5000원인 가게가 더 먼저 뜹니다. 근데 5만원 이상 주문시 0원, 그 이하는 5000원 이러는 가게가 너무 많다보니 짜증이 안 날 수가 없습니다… 그냥 단순히 최소 배달팁 순으로 정렬되는 것이 아니라 직접 원하는 배달팁의 범위를 설정하는 식으로 개선되면 좋을 것 같습니다."
337,340,"검색 화면에서 전체/배달/포장 탭 중 배달 탭을 스크롤 내리면서 볼 때, 아래로 스크롤하는데 자꾸만 왼쪽 오른쪽으로 넘어가서 전체 탭이나 포장 탭을 보게 되는데 정말 불편합니다. 검색 후 배달 탭, 포장 탭, B마트 탭 뭐든 하나를 선택했으면 좌우로 넘기는 건 안 되게 하시면 안되나요? 가끔 그러는 것도 아니고 스크롤 한 번 내릴 때마다 왼쪽으로 넘어가서 전체 탭에 가게 되니까 너무 불편하고 답답해서 씁니다"
338,341,메뉴설명이 다짤려서 나옵니다 시키는대로 고객센터에 문의해봤지만 와이파이 때문인것같다는 이상한 답변만 돌아오고 해결의지가 없네요. 와이파이 하에서는 작동하지 않는 오류앱이라는걸 인정하는것과 같은 말 아닙니까? 설사 데이터환경문제라 해도 통신 에러처리를 제대로 하는게 맞지 저런답변은 정말 아닙니다
339,342,"정말 잘 쓰고 있는 앱입니다. 단지 아쉬운 점이라면 메뉴 선택후 결제창 이전 화면에서 메뉴별로 세부 추가사항을 수정할 수 있는 기능이 추가 되었으면 합니다. 즉, 예를 들어 베스킨라빈스에서 파인트( 3가지 맛)을 a b c로 시킨 뒤 결제하기를 누르기 이전 화면에서 파인트를 누르면 a b d로 수정할 수 있었으면 좋겠습니다 다시 메뉴를 삭제하고 세부사항을 누른 것이 번거롭게 느껴집니다. 꼭 반영되었으면 좋겠습니다! 감사합니다."
340,343,배민 없으면 못사는 1인입니다. 너무 잘쓰고있는데 건의를 몇가지 드리고 싶습니다. 1. 주문내역 검색기능 추가 : 예전에 주문했던 가게나 메뉴가 기억이 안나서 찾아보려면 참 힘드네요. 배민에서 워낙 많이 시켜먹어서 한참 스크롤 내려야 되거든요ㅠㅠ저같은 충성고객들 위해 제발 추가해주세요... 2. 특정 메뉴 선택하여 리뷰보기 기능 : 요즘 리뷰에 다른 고객이 무슨 메뉴를 먹었는지 볼수있어 참 좋습니다! 그런데 원하는 메뉴를 선택하면 해당 리뷰만 볼 수 있는 기능이 생기면 더 편할 것 같아요!
341,344,이번에 인터페이스 업데이트 되면서 보기가 좀 불편해졌어요. 메뉴들이 다 너무 커서 한눈에 안들어오고 레이아웃이 좀 싸구려 전단지 같은 느낌이 드네요. 이전 레이아웃에 너무 익숙해져서 그런걸수도 있지만 예전 디자인이 더 배민스럽고 고급진 느낌이에요.
342,345,. 옛날에도 주문보낸지 2시간뒤에야 주문취소답장이 오는게 마음에 안들었는데 이번에는 어플자체 오류가있네요 ^^ 내가 내 돈주고 피자 시키겠다는데 왜 결제 창으로 들어가지지 않을까요?? ^^ 하얀화면만 뜨고 점심때 일어나서 배고픈데 화나네요! 아 참고로 네트워크 연결이 안됐다고 말같지도않은 알림이 뜨길래 데이터로도 바꿔보고! 휴대폰 다시시작도 해보고! 와이파이 재부팅도 해보고! 혹시 업데이트가 안됬는지 확인까지 했는데! ^^ ^^ ^^
343,346,"요즘 배달팁을 ""0원~""으로 보이게 설정해놓는 가게들이 너무 많습니다. 실제로 주문해보면 2천원에서 3천원 배달료가 더 붙고요. 그리고 0원~으로 설정된 가게들이 ""배달팁 낮은 순"" 정렬에서 상단에 노출되게 되어 있어 배달팁 낮은 순 정렬이 의미가 없는 것 같습니다. 배달팁을 0원은 아니지만 낮게 받는 가게들이 피해를 보는 것 같습니다. 소비자인 저도 너무 불편하네요."
344,347,"다른 사용자분들처럼 리뷰작성시 사진이 안뜹니다. 사진 장수는 정확히 나오는데 사진이 안떠요. 핸드폰 자체 갤러리 사용중이고 클라우드나 드라이브는 사용하지 않고 있습니다. 설정 권한도 확인했고 앱 지우고도 다시 깔았습니다. 그래도 안됩니다. + 닉네임때문에 사진등록이 안된다구요??? 제 닉네임은 저기에 적으신 것 중에 해당되는 것 하나도 없습니다. 한글이고 특수문자, 공백없고 자음이나 모음만 입력되지도 않았습니다. 앱 자체 문제아닌가요.."
345,348,너무 불편해졌어요 UI가 너무 난잡하구요 특히 옆으로 넘겨지는 부분에서 상단 이벤트배너를 슬라이드 하면 배달탭에서 포장탭으로 넘어간다던지 여러부분에서 불편한점이 많아졌네요 변경된 부분이 낯설어 적응할 부분도 있지만 많은 부분은 업데이트되면서 사용자의 편리함을 고려하지 않은 것 같습니다. 또 이전보다 앱이 무거워졌는지 많이 버벅되네요. 과유불급이라고 배고픈자들이 배달을 쉽게하려고 사용하는 앱이니만큼 간결하게 만들어 원래 목적을 잊지 않았으면 좋겠습니다.
346,349,"혹시 [주문내역]에서 검색하기 기능을 넣어주실 수 있으시다면 꼭 부탁드립니다. 그때 그 집!! 하면서 찾고 싶은데 스크롤을 아무리 내려도 오래전에 먹었던 건 찾기 힘들고, 개선이 된다면 정말 편리할 것 같아서 남겨봅니다. 그리고 함께 주문하기 기능 신기합니다. 유용하게 사용할 것 같아요. 늘 편리한 앱을 위해 업데이트 해주셔서 감사합니다."
347,350,1. 같은 식당이 몇 건씩 올리는 것 2. 한 상호명이 식당 이름만 바꿔서 여러개 올리는 것 이 두가지 문제점 때문에 가뜩이나 보기 불편한 식당 목록이 그 숫자가 몇 배는 더 많아져서 더더욱 보기 불편함 개선 방안 1. 최신등록순으로 보기 기능이 무조건 필요함 2. 무조건 한 상호명 당 한 건씩만 등록할수 있게 바꿔야함 사용자를 위해서도 신규등록 업체를 위해서도 위 두 사항은 아직까지 실현되지 않은 것이 이상할만큼 선택이 아닌 필수사항임
348,351,"업데이트 후 배민 앱 지움. 이름이 배달의 민족인데 무슨 쇼핑라이브에 b마트에 요상한걸 많이도 만드셨네요. 배달만이라도 꾸준히 잘하려고 노력했으면 정-말 좋았을텐데 초심으로 돌아온다면 그때 다시 사용 할 예정. 이만 요기요로 가겠습니다. (시각적으로도 불편, 시간적으로도 불편함. 업데이트하신 개발자는 사용자가 편리하게 사용가능한 어플 개발에 더 노력해보시길 바랍니다.)"
349,352,"다음부턴 앱에 문제가 있으면 !팝업공지!로 알려주시기 바랍니다. 고객이 주문전에 맨날 공지사항 확인하는것도 아니고, 평소처럼 주문결제 되는데 앱에 문제가 있는지 어떻게 압니까. 주문하고 주문내역 없어서 이상하다는걸 알았네요. 그리고 문제해결전까지 주문 다 막으셔야되는거 아닌가요? 어차피 앱주문결제해도 주문 안들어가는데 왜 결제는 되게 해두신건지.. 주문막는기능은 업주만 설정권한있나요? 아니면 돈 묶어두시는건가요? 저번이벤땐 문제없었던거같은데 이번엔 왜이러는지.."
350,353,바뀐 인터페이스 너무 구려요. 할인이벤트도 잘 안보이고 찜 목록 들어가는 것도 몇 번이나 눌러서 들어가야 하고. 담아놓고 잠깐 다른 거 하면 그거 보려고 몇 번 클릭 거쳐야 하고. 익숙하지 않아서라기엔 그냥 너무 불편한데요.. 직관적이지도 않아서 더 헤매는 것 같아요. 이렇게 바뀔 거면 더 직관적이어야 하지 않았을까 싶어요. 구립니다. 배민에서 하는 옛날 번쩍배달 쿠폰이나 그런 건 끝난 건가요 아니면 그런 거 찾기 힘들게 하려고 밑으로 내려버린 건가요..? 전체적으로 정보 전달력도 떨어지고 사용감도 떨어져요. 왜 이렇게 바뀐 거죠..? 쓰다 보면 편해지려니 생각해 봐도 현재로선 그냥 구리고 불편하다는 생각만 듭니다.
351,354,어플 사용자 편의성 업데이트 좀 하세요. 홈화면 하단에 검색 시스템 구색 맞추기 용이지 정말 쓰레기 같습니다. 타사 어플은 검색시 상점 내 메뉴까지 검색해줘요. 아니 그정도는 바라지도 않아 그냥 내가 입력한 키워드에 맞게 검색 결과를 좀 보여달라고요. 그게 어렵나. 그리고 리뷰에서 뭘 시켰는지 메뉴 좀 알 수 있게 보여줘봐요. 이걸 왜 안하는지 모르겠네. 메뉴를 뭘 시켰는지 알아야지 참고를 하지. 뭐 사진보고 땡입니까. 또 배달 예상시간도 도입하고요. 업계 1위라고 배짱장사하는 것도 아니고 이상한 배민 캐릭터 문방구 굿즈같은거 팔지 말고 어플 편의성 좀 고치세요. 메뉴 카테고리도 좀 다양하게 하고요. 진짜 vip이지만 어플 너무 쓰레기같네요.
352,355,"아이디 찾기를 하는데 휴대폰 인증을 하면 다시 로그인 하기가 뜹니다. 로그인 버튼을 누르면 당연하게도 그냥 로그인 창으로 연결되고요. 아이디를 찾아야 로그인을 하잖아요.... +) 몇번 시도를 하니 아이디를 일부 알려주는 화면이 연결됐습니다. 그런데 입력시에 오타가 났는지 제가 쓰는 이메일 주소가 아니었어요. 모르는 아이디에 비밀번호라 당연히 로그인 정보가 틀렸는데 수십번을 해도 로그인 시도 카운팅이 제대로 되지 않네요. 계정정보가 일치하지 않습니다 (4회 남음) 에서 변하지가 않아요. 일정 횟수 로그인 시도가 이루어지면 보통은 휴대폰이나 메일 등으로 계정 정보와 함께 로그인 시도 알림이 가서 계정을 잠그거나 로그인 정보 자체를 바꾸거나 탈퇴할 수 있게 해주던데 그런 장치는 없는 건가요? 아이디 자체를 모르니 탈퇴 후 재가입도 불가능하고, 앱 내의 고객센터에도 관련 카테고리는 없고.. 휴대폰 번호를 새로 발급 받지 않고는 비회원으로만 주문하게 됐는데 상당히 불편합니다.."
353,356,"최근 기능 업데이트이후에 전면메서 메뉴를 한번에 볼 수 있어서 좋아진 것 같아요. 기능적으로 불편한 건 없지만 비즈니스적으로 업주가 별5점 강요 및 서비스를 제공하는 부분은 어느정도 검열이 필요해보입니다. B마트의경우, 셀렉션확장을 주력으로 하는것이 중요해 보이며, 본래의 컨셉에 맞는 밀키트에 주력하고, 마진구조 개선을 위해 PB도 고민할 필요가 있습니다. 타겟에거 맞추고 비즈니스의 고유한 방향은 유지해야하지만, 마케팅적으로 모객할수있는 구색도 갖춰져야합니다. 코로나때문에 어려움은 있지만 바캉스/휴가 관련한 편의 제품을 구비하는것도 좋을 듯 합니다. (체온계, 방수팩, 물총, 썬크림, 셀카봉 등등)"
354,357,다른 사람은 볼수 없는 본인만의 메뉴 메모장이 있으면 좋겠어요 예를 들어 중국집에서 짜장을 시켜먹었는데 이집은 짜장면이 좀 많이 달더라 이런걸 간단하게 메모할 수 있고 나중에 시켜먹을때도 그 메뉴 아래 내가 적어놓은 메모가 항상 보이면 좋겠어요 음식점은 많은데 시켜먹었던 곳의 어떤 메뉴가 어떤지 나만 알수있게 표시하고싶어요
355,358,비회원으로 사용하다가 가입할까해서 네이버 아이디로 로그인시도를 했는데 팝업이 순식간에 0.1초정도 떳다 사라져서 무슨 오류인지도 알지도 못하다가 순간캡쳐해보니 이메일 정보제공에 동의를 하지않아서 로그인이 실패했다고 뜨는데 그럼 다시 선택을 할 수 있게해주시던가 계속 로그인도안되고 어쩌라는건지 모르겠네요 가입절차에 대한 안내가 부족한 듯합니다
356,359,정말 최악의 앱이에요. 수수료는 엄청 챙겨가면서 제대로된 관리는 하지 않습니다. 배달기사들의 매우 잦은 실수와 대체 몇개의 음식을 한번에 배달하는건지 기본 1시간 넘는 배달시간으로 가게에 문제가 생겼나 전화해서 점주가 배달기사에게 전화해보고 전달해주고 귀찮았던적이 한두번이 아닙니다. 피크시간도 아닌데도 엄청나게 오래걸립니다. 고객이나 가게 점주의 배달기사 블랙리스트제도가 무조건 필요합니다. 개선될 때까지 쿠팡이츠 사용하고 있겠습니다.
357,360,"잘 사용하고 있습니다. 그런데 개인적으로 메인화면에 검색아이콘이 바로 보였으면 하는 아쉬움이 있습니다. 처음에는 검색기능이 없는줄알고 불편하다 생각해서 앱을 쓰지 않았는데, 메인화면에서 아래로 내려보니 있더군요. 상단 우측에 돋보기 버츤 하나 있으면 편할 것 같다는 생각이 들었습니다."
358,361,아랫분과 같은 현상을 겪고 있습니다. 처음에는 검색이 안돼서 고객센터 안내에 따라 삭제 후 다시 설치하니 로그인이 안되더니 다시 삭제 후 재설치 하니 이번엔 아예 배민로고가 나온 화면에서 넘어가지 않습니다. 사용중인 폰은 갤럭시s20fe입니다. 애플리케이션 메뉴에서 캐시삭제 데이터 삭제 폰 껐다켜보기 다 해본 상태입니다.
359,362,"처음 사용 관련한 어떤 쿠폰도 다운로드가 되지 않네요. 10,000원 할인도 우리 동네 첫 포장 3,000원 모두요. 클릭하면 ""첫 주문시 사용 가능합니다"" 라고 뜨는데 결제화면에서는 쿠폰이 나오지 않습니다. 배 고파서 그냥 주문했네요. 답변을 주셨는데 불편한 내용이 명확히 전달이 되지 않은 것인지 답변이 질문 내용과는 다소 차이가 있는 듯 합니다. ""주문 전에 쿠폰 다운로드를 여러 차례 시도했으나 결국 다운로드가 되지 않아 포기""하고 그냥 주문했다는 의미입니다. 그러니 확인하시면 첫 주문이 쿠폰 사용전에 이뤄진 것으로 나오겠지요.."
360,363,"1. 아이콘, 텍스트가 작아졌다. 나도 좀 작다고 느끼는데 50세 쯤 이상의 사용자는 포기한거구나. 2. 점점 지저분해진다. 가게 목록은 울트라콜이니 뭐니 번잡스럽다. 똑같은 가게가 또 나온다. 등록된 가게들의 메뉴는 끝이없다. 메뉴설명도 사진이나 글 없이 부실하다. 전체적으로 이것저것 우겨넣어서 점점 지저분해 진다. 3. 필터 기능의 부재. 배달비 필터, 가격필터나, 원하는 메뉴의 리뷰를 찾아볼 수 없다. 싫어하는 메뉴, 알러지가 있는 메뉴나 그런 식품을 파는 가게를 숨기고 싶은데 숨길 수가 없다. 4. 난 알러지가 있다. 사장님께 남기는 말이 너무 길어져 알러지나 식성을 적는 칸이 따로 있으면 좋겠다. 또한 알러지나 식성에 맞춰 개별조리가 가능한 가게인지 표시가 있으면 좋겠다. 체인점에 전화로 저번에 너무 달았어서 덜 달게 해달라고 부탁했더니 그냥 뜯어서 만드는건지 그렇게 안된다 그러더라."
361,364,"배달의 민족 어플 잘 쓰고있습니다. 간단한 요청사항 몇가지 적어봅니다. (건의사항) 각 배달 가게마다 요청사항 따로 저장이 있으면 좋을것 같습니다. 이것은 부과적인 욕심인부분이구, 각 가게마다 개인 메모를 할 수 있게 바꿔주시거나 추가해주시면 좋을 것 같습니다. 물론 찜 기능으로 구별은 하다만, 많은 가게를 여러 메뉴를 시켜먹다보면 따로 저장을 하거나 필기를 하는데 어플에서 바로 이용할 수 있게 각 가게 개인 메모기능을 추가해주셨으면 좋겠습니다!"
362,365,"평소 배민 앱 잘 이용하고있습니다. 한가지 배달서비스관련하여 개선했으면 하는게 있는데, 문앞에두고 전화/문자 요청시에 절반정도는 냅다 벨누르고 그냥 주십니다. 요청 선택지가 크게 의미가없는것같다고 느낍니다. 타사앱 쿠팡이츠에서 주문시에는 배달요청사항이 비대면서비스 배려가 잘되어있고(선택지 세분화) 초인종 여부가 나뉘어있어 좋다고느꼈습니다. 그리고 대부분 요청한대로 정석으로 주시고 기사님 개인문자가 아닌 앱을 통해 사진을 받을 수 있어서 좋았습니다. 그리고 개인적으로는 전화가 오는것보다 문자로 문앞수령 안내받는걸 선호하는데 해당선택지가 없어서 직접써서 문자달라고 요청드리는데 그닥 이루어지진않아서.. 요청사항 선택지에도 전화뿐아니라 문자요청이 있었으면 좋겠고 실제로 요청대로 기사님 반영이 잘되면좋겠습니다."
363,366,km거리로 볼수있는 버튼이 사라지고 나서 시골이라 그런지 뜨는게 정말 없었어요. 주위에 가게는 없지만 멀리서도 배달비 받고 오는 지역인데 가까운 거리순만 보이게 해놓으니까 뜨는게 없더라구요ㅋㅋ 슈퍼파워광고란?에 가게 세군데 뜨는거 막 새로고침 해가면서 찾아보는등 되게 불편해도 그래도 의리로 꾸역꾸역 참고 썼는데 이번 00가 쏜다 이벤트 보고 그냥 탈퇴합니다. 이벤트때문이 아니더라도 제가 사는 동네에서는 진짜 쓰기가 너무 불편했는데 이번 기회에 다른 어플 사용해보니 더 잘뜨고 쓰기가 훨씬 편하네요. 갈아탑니다
364,367,최근 업데이트가 안드로이드5사양 정도에서는 안되는것 같습니다.. 배민 어플 실행시 업데이트 하라고 나오고 업데이트 누르면 업데이트 진행은 안되고 열기 나오고 열기 누르면 업데이트 나오고 무한반복.. 수없이 삭제와 재설치 환경설정등을 해보아도 같은 증상이네요.. 다른분들도 다 같은 증상으로 보이는 글들을 보니 이번 업데이트 관련 파일 확인이 필요해 보입니다 참고로 사양 높은 폰에서는 잘되는거 보니 핸드폰 사양 문제가 이번 업데이트에 있어 보입니다
365,368,"새로 변경된 인터페이스 업데이트 되면서 더 불편해진 것 같습니다. 익숙한 예전 페이지가 더 좋았던 것 같아요 자주 배달을 주문해서 먹어도 등급 상향도 되어지는 것 같지도 않고 한 눈에 메뉴들이 들어오지 않네요. 소비자가 불편하면 업주들도 불편할 것 같다는 생각입니다. 그리고 슈퍼리스트 업체들은 맛으로 된 것이라 아니라 입찰 받아서 광고비가 엄청 나다는 사실을 알게 되었는데 주문하는 고객입장에서는 신뢰할 수 없는 점. ㅠㅠ 그래서 실속있게 진심어린 리뷰 답변을 올리는 사장님 매장으로 주문하고 있습니다. 돈도 경쟁이고 광고도 능력이겠으나 소비자는 허위광고를 보고 주문하는 건지도 ㅠㅠ 배민업체들 등록한 ""오픈시점을 날짜""를 정확히 기입해둔다면 고객들이 주문수를 보고 믿고 판단해서 주문하는 데 혼돈이 안 되고 리뷰 참고도 하면서 주문할 수 있을 것 같네요."
366,369,"배달앱 잘 쓰고 있습니다. 그런데 쓸때마다 느끼는 불편한점이 있어서 어필해봅니다. 수저포크 기본설정 X로 되어있는것좀 바꿔주세요. 주문 할때마다 깜빡할때도 있고 귀찮네요. 솔직히 안필요할때보다 필요할때가 대부분입니다. 그리고 1회용 용기 시켜먹는 배달 자체가 이미 친환경이 아닌데 무슨 환경지키는 척입니까. 그러면 배달 자체를 안시켜야지.. 사용자 불편함이라도 줄여주세요. 기본설정을 O로 하고 필요없는 사람이X로 바꾸면 되죠. 아니면 환경설정에서 원하는 옵션으로 고정해둘수 있게 해주던가요. 그것도 안되면 안주셔도 되요(체크)가 아니라, 주세요(체크)로 표기하는게 알아보기가 좋을것 같네요. 그리고 배달 위치마다 찜 목록이 달라졌으면 좋겠네요. 예를들어 회사, 집 동네자체가 다른데 불필요한 정보까지 나와서 헷갈리게 합니다. 찜목록이 많은만큼 더 헷갈려요."
367,370,첫 앱결제 문제점.. 첫 결제에러 나왔는데 거의 50분걸려 문제점이 나왔는데 생년월일때문 이라니..ㅡㅡ 19로해서 분명히 8개의 숫자를 잘 눌렀는데도 그것 때문이라고 하니 할말이 없었음 분명히 난 몇번을 했고 결제 수단을 바꾸니 바로 되는건 뭐일지...여하튼 사용하긴 좋은것 같은데 결제수단을 여러가지로 하는게 어떨런지...지금 있는것 보다 많게요..
368,371,이전에 시켰던 가게인지 아닌지 확인이 좀 더 용이해지면 좋겠어요 주문 내역 안에서 검색이 가능하든지 아니면 가게 페이지에서 주문 횟수 등을 표시해주면 좋겠습니다 싫은 소리 하고 싶지 않기도 하고 단순 취향 문제인 경우도 더러 있어서 리뷰 남기지 않는 경우가 많아 리뷰 검색 기능은 있더라도 좀 부족하다고 느껴질 것 같네요...
369,372,앱도조가치바뀜.. 가게위치도 못알아보게 지도도사라짐.. 앱삭제해야겠다.
370,373,첫화면 바뀐거 너무 별로네요 자주 사용하는 기능이 첫화면에 있으면 좋겠어요.. 클릭 횟수가 늘어나니 영 불편하고 답답합니다. 첫화면이 굳이 왜 필요한지도 모르겠어요 눌러서 들어가보면 이전이랑 크게 다를것도 없던데요 상자 속에 상자속에 상자속에 상자 같아요 홍보까지 하셔서 뭔가 더 좋아지나 기대했는데 기대한게 문제였을까요 기대 이하에요
371,374,"요0요같은 경쟁어플을 사용하면 참편리한 부분이 있습니다 메뉴를 보다가 원하는 음식을 클릭만 하면 바로 다른사람이 쓴 리뷰가 나오면서 모양이나 음식의양 맛등 평가를 바로 볼수있는 편리함이 있습니다... 배달의민족 너무 좋고 잘 이용중에 있지만 궁금한메뉴에 대한 리뷰를 하나씩 찾아보면 주문하는데 너무 많은 시간을 쓰게됩니다.. 하나의 의견이겠지만 개선이 된다면 많은 사람들이 하나씩 찾고 고민할 시간에 더 빠르게 주문을 하게될것이고, 배민어플을 편리하고 더 좋은 이미지가 될거라고 생각합니다!"
372,375,배달의 민족 항상 잘 쓰고 있습니다. 그런데 한 휴대폰에서 두 개 이상의 계정을 사용했을 때 첫 구매 혜택이 안 되더라고요. 엄마가 핸드폰 사용이 서툴러서 제가 대신 주문 해드렸던 이런 경우에는 좀 난감하네요 하하 아 그리고 주문이 예상보다 빨리 왔을 때 수취 완료 같은 버튼이 생겨서 리뷰를 빨리 적을 수 있게 하는 기능이 생겼으면 좋겠습니다 감사합니다
373,376,그가게의 특정메뉴를 클릭하면 그메뉴의 리뷰만 볼 수 있는 기능도 있었으면 좋겠습니다. 예를들면 ○○떡볶이집에 로제떡볶이메뉴를 클릭하면 그 메뉴의 리뷰만 볼 수 있는 기능이요! 그리고 가끔 옛날에 내가 이가게에 무슨 메뉴를 먹었었는지 까먹는 경우가 있는데 주문내역을 계속 내려서 찾기가 불편합니다. 그럴때 검색으로 빨리 찾을 수 있는 그런 기능도 있었으면 좋겠습니다.
374,377,전반적으로 다 만족해서 쓰고 있는데 예약주문이라는 기능을 가게에 충분히 인지시켜주시고 받아들인 업체만 사용할 수 있게끔 했으면 좋겠어요. 예약주문 할 때마다 바로 배달와서 당황시키고 주문 요청사항에도 예약주문이라고 까먹을까봐 적어놨는데 그쪽에서 이해를 못해서 주문 잘못한 거 같다고 하고 얘기를 더 해줬는데도 바로 배달을 와서 서로 불쾌하고 난처한 상황이 일어나는데 충분한 설명을 업체 측에 해주셨으면 좋겠네요 이해도 못한 가게에서 사용할 수 있게 허용해두고 주문자 탓으로 돌리는데 서로 감정만 상하네요
375,378,처음엔 신선하고 좋았는데 출시 몇년 되어가는데 아직도 초기 구성에서 벗어난게 없어보임. 다양함이 부족하고 랭킹이나 추천은 어느지역을 가도 배달하려면 거기서 거기인 느낌. 숨은 맛집 찾기도 힘들고 가게마다 특성을 볼 수 있을만한 장치도 없음. 기본만 하는 느낌.
376,379,"메모리 부족으로 어플을 깔고 저장 위치를 외장 메모리로 옮겨놓았는데, 이번 업데이트로 인해 앱이 작동조차 안 합니다. 업데이트에 따라 이상없이 작동하는 경우도 있고, 이번처럼 작동조차 안 되는 경우가 있어서 불편하네요. - 위에 문제의 원인을 적어놓았는데, 불편사항을 정확하게 확인이 어렵다는 말이 무슨 뜻인가요? 핸드폰의 기본 메모리의 용량이 꽉 차서, 본 어플을 외장 메모리로 이동을 시켰더니, 어플이 아예 켜지지 않는다고 하는데, 불편사항 확인이 어렵나요?"
377,380,비마트 좋긴한데 불편합니다 장바구니의 그 체크 표시 하는 사각형도 너무 작은데 늘려줬으면 좋겠고 로딩도 너무 오래 걸리는데 로딩 속도도 좀 빠르게 바꿔줬으면 좋겠고 장바구니의 상품을 보고나면 체크 표시를 끈게 꼭 다시 선택이 되어있는데 그것도 고쳐서 체크 표시가 안나왔으면 좋겠습니다 글고 로딩 화면도 그만 좀 나왔으면 좋겠습니다
378,381,수정) 메뉴구경이라던가 그런쪽에서는 문제하나도없었고 오직 결제 과정만 데이터를 쓰던 와이파이를 쓰던 다른폰으로 하던 옆동네에서하든 문제생겻습니다 계산화면에서 로딩이 너무심하네요 도저히 못쓰겠어요 요즘 문제있나요? 스크린샷 올리고싶은데 리뷰에는 못올리네요
379,382,앱 정말 잘 쓰고 있습니다. 그런데 한가지 건의 드려도 될까요? 배달팁 낮은 순서로 했을 때 0원~3000원과 1000원이 있으면 0원~3000원이 먼저 뜨더라고요. 최소가격을 기준으로 한 것 같은데 실제로 배달을 시킬 때는 단체주문을 제외하곤 최대가격 혹은 최대에서 1000원정도 깎인 가격의 배달팁을 지불하는 경우가 대부분입니다. 배달팁을 고려하고 주문하는 사람이 저를 포함해서 적진 않을 것 같은데 그런 입장에서 이 기능이 처음 생겼을 땐 기뻤으나 실제로는 쓸모가 없다고 봐도 무방합니다. 배달팁 최대가격을 기준으로 한 배달팁낮은순 정렬 기능을 만들어주실 수 있나요? 그리고 리뷰를 볼 때 보고싶은 메뉴를 설정해서 볼 수 있는 필터링 기능이 있다면 좋을 것 같습니다. 글 읽어주셔서 감사합니다.
380,383,1. 메뉴별로 리뷰를 볼 수 있는 기능이 있으면 좋겠습니다. 내가 시키려는 메뉴가 맛있는지 바로 확인이 안되어 불편합니다. 2. 리뷰창에서 제가 쓴 리뷰만 골라 볼 수 있으면 좋겠습니다. 맛있게 먹었던 집이었는지 기억이 잘 안나는 경우가 많아요. 3. 리뷰를 작성하고 확인 버튼이 안보입니다. 이게 전에 개선이 된 것 같았는데 또 그러네요. 사진첨부를 클릭했다가 다시 돌아와야만 확인버튼이 보입니다. 리뷰 쓸때마다 너무 불편합니다. Lg 벨벳 사용자입니다.
381,384,주문자가 어떤 메뉴를 주문하고 리뷰는 쓰는지 알 수 있다면 음식 메뉴 선택에 도움이 될것같아요 요기요 배달 앱은 주문자가 무엇을 주문했는지 양이나 맛이 어땟는지 구체적으로 ☆모양으로 체크하는 옵션이 있어서 다른 주문자가 참고하고 메뉴 선택할때 도움이 되더라구요 저는 늘 배민만 이용해서 이러한 옵션이 추가되면 훨씬 배민 사용자에게 좋을것 같더라구요~
382,385,"메인 카테고리에 플라스틱 용기를 사용하지 않는 매장, 비건식단을 포함한 매장을 조회할 수 있는 카테고리가 생기면 좋겠어요. 플라스틱 포장재를 이용하지 않으려고 하는데 그런 매장을 일일히 찾기가 어렵습니다. 제로웨이스트와 채식을 지향하는 이용자가 많아지고 있으니 진지하게 고려해봐주시면 좋겠습니다. 음식점 입장에서도 전략적으로 노출기회를 얻을 수 있으니 좋을 것 같습니다."
383,386,가시성이 없어요 오히려 전이 더 좋았네요 오랜만에 배민켰더니 어플이 정신만 없고 뭘 시키고 싶은 맘이 안생깁니다 치킨이나 시켜먹을때 쓸거같네요 세상은 편해지는데 왜 옛날 쿠폰북이 더 나은거같나요 한집배달이고 나발이고 내 돈주고 내 음식먹는데 신경쓸게 왜이렇게 많아요 직관적으로 해주세요
384,387,배달 시간은 왜 기재해놓는거죠? 배달 주문해도 1시간 넘도록 기다려야되고 30분넘도록 채팅상담 기다리란 얘기만 하고 그럴거면 상담 접수는 왜받죠? 전화연결도 안되고 한달사이에 지금 배달지연만 몇번인지는 아나요? 배달 감당이안되면 시간이라도 오래걸린다고 써놔여되는거아닌가요 이용하란건지 말란건지 도저히 모르겠네요
385,388,오랜만에 배달시켜먹어야겠다 하고 주문하면 매번 연착으로 되게 늦게 오네요 상담원도 연결이 안되구요 이번 배달을 마지막으로 배민 손절하겠습니다
386,389,전에는 그래도 시켜서 먹었는 아쉽네요 결제 수단이 바뀌었는지 참 불편하네 결제 방식할려고 하면 전에는 만나서 카드결제 만나서 현금결제 있었는데 결제 방식이 바뀌어서 불편하네요
387,390,배달 지연될때 연결이 너무 안됨 우천시나 배달이 몰리면 배달이 안잡히는 날에 고객센터 연결이 안됨. 배달 취소가 편하게 하든가 아니면 고객센터 인원을 늘리거나.. 몇번 당하니 더 이상 이용하고싶지않네요
388,391,채팅이랑 전화상담 동시에 막아놓는 클라스좀 보소 점점 업그레이드 되는든
389,392,안녕하세요 개발자님. 항상 배달의 민족 편리해서 잘 이용하고 있습니다. 다만 아쉬운 점이 두가지가 있는데요. 첫째. 교환권이 있을때 늘 전화로하면서 교환권 바코드 번호를 불러 드려야지만 주문이 가능한데 배달의 민족에서도 주문할때 교환권 바코드 번호 입력해서 번거롭지 않게 앱에서도 교환권으로 결제 기능이 있었으면 좋겠어요. 둘째. 전화 주문도 결제 완료건에 한해서만 누적 주문 횟수로 가능하게끔 해주셨으면해요 불편사항은 없고 다음 업데이트때 이 두가지 됬으면 좋겠네요~
390,393,배민 앱 잘 쓰고 있어요~ 찜 기능이 있어서 편하긴한데 찜한 매장에 관해서 즐겨먹는 메뉴라던지 입에 맞지 않는 메뉴라던지 내가 간단히 메모 할 수 있는 기능이 추가 되었음 좋겠어요. 입에 맞지 않는 음식은 안시켜야지 하다가 한참 뒤에 잊고 다시 배달시켜먹는 경우가 종종있어요..
391,394,"배달의 민족은 최악의 앱입니다. 초기부터 사용했지만 사용자에게 좋은 경험을 주려고 하기보단 이익 창출에만 우선인 앱이라고 보여져요. 보통 하나의 앱을 오래 쓰면 그럴 이유가 있을 만큼 발전이 보이고 소비할 이유가 생기는데 배달의 민족은 그런게 전혀 없어요. 배민1, B마트 등 돈 궁리할 새로운 메뉴만 생성하기 바쁘죠. 월 2-3회 정도로 자주 이용하는 것도 아니지만 그럼에도 이용하는건, 이용할 가게가 이 앱에만 있기 때문. 쓰면서도 욕하는 게 웃기죠? 초기 마케팅만 잘 했지 리뷰 영역에 대한 발전, 이미지, 가게 찾기, 배달 수수료 등 발전 된 건 단 하나도 없어요. 이렇게 큰 회사의 리뷰가 사진 올릴 때 돌아가는 기능, 텍스트 입력시 선택도 안 되는 구식을 보인다는게 말이 됩니까? 업뎃 해달라 요청한 적도 없지만 겨우 그런걸 요청까지 해야 하나 싶었고, 이 정도는 온갖 메뉴는 잘도 새로 만드는 한 기업의 기본 자세죠. 기본부터 합니다."
392,395,눈 많이와서 늦어지면 어떻게 처리되는지 알려라도 주지 그냥 지연될 수 있다고 띄워놓으면 다인가 주문을 받질 말던지 가계도 곤란하고 손님도 곤란하게 만든 주범. 전화도 안받고 채팅은 봇이고.
393,396,"배달도 1시간반 기달려 받았고 계속 지연돼서 음식 상태도 최악이었습니다,,"
394,397,"깔끔한 인터페이스와 업체수로 올킬! 여러 배달 어플들이 있지만 배민에만 손이 가네요. 하나 아쉬운 점이 있다면 메뉴 부분인데요, 메뉴탭 슬라이드 하다보면 오른쪽에 분류(?)란이 떴다 빠르게 사라지는데 조금 더 오래 유지되면 좋을 것 같아요. 그 외에는 모두 만족! 잘 쓰고 있습니다^^"
395,398,배민원은 만들어놓으면 안될것 같아요 30분 걸린다고 하고 항상 그전에 받은적도 거의 없을뿐 1시간50분을 넘게 기다려도 오지를 않고 상담사에 전화하면 받지도 않아서 기다린적이 한두번이 아니에요 가게 사장님 잘못 없으신것도 잘 아는데 항상 시킬때마다 너무 짜증나네요... 언제 배차될지도 모르는데 맨날 지연된다는말만하면 어떻게 해야될지를 모르겠어요
396,399,배달시켰는데 예상시간만 엄청 늘어나고 배민 고객센터는 전화도 안받고 서비스 너무 불친절하네요 이렇게 하나라도 더 판다고 이득이 되시나요 정말 어이가 없습니다...
397,400,배달 지연ㅡㅡ 알뜰배달이란 거지같거 만들어놓고 표시되는 시간은 의미가없게 만들어놨다 무슨 음식이 완성되고 한시간이 지나서 도착해서 음식은 다식어서 맛도 떨어지고 다시는 이용하고싶지않네ㅡㅡ 가게들도 배달의민족 이용하지말고 다른 배달앱 이용하시길 .... 가게 평점만 떨어집니다 다시는 이용 안한다
398,401,배달되는 음식점은 매번 정해져 있었는데 이 앱을 이용하니 다양한 메뉴가 배달되어 좋네요. 결재도 간편하고 이용 평점이 있으니 선택에도 큰 도움이 됩니다. 다만 배달음식이라 어쩔수 없이 일회용 플라스틱 용기를 많이 쓰게 되어 참 안타까웠습니다. 한끼 편하게 먹자고 환경오염의 주범이 되어버린 것 같아 양심이 콕콕 아팠습니다.
399,402,"회원으로주문하려면 isp설치하고, 페이북으로 회원가입후 카드등록하고, cvc 비밀번호쓴후. 결제할카드 등록후 결제. 이렇게했는데 ""해당카드는 결제요청시 선택하신카드사와다릅니다""뜨니까 뇌절이와서 때려치고싶네요. 결제한번하는데 할게 지나치게 많은것같아요. 요기요는 카드등록후 결제. 간단하게 결제되는데 차이 심하네요. 배달하고싶은집이 요기요에 없어서 어플사용하게 되었지만, 구매하기까지 10분정도 번거롭게 시간 들여야된단게 속상하네요. 답답해요참, 어차피 배달음식 할인목록도 적은것같구요.."
400,403,"수요일부터 찜한가게,주문내역이 싸악 사라졌어요 왜이러는건가요 주소도 우리집 이렇게 별칭이아니고 집주소가뜨고 업데이트하면 돌아오려나 했는데 그대로에요 쿠팡이츠만 써야하나.."
401,404,한번 먹통되면 배달도 안돼 포장 변경도 안돼 환불도 안돼 그냥 묶여있는 수 밖에 없네요 덕분에 저녁 1시간 반 기다리고 못먹었습니다
402,405,배달의 민족이 대한민국 최고의 배달앱이라는 것은 뜻깊이 인정하고 있습니다. 타 회사의 배달앱보다도 확연한 차이가 있으며 정말로 최고의 배달앱입니다. 그런데 한 업소에서 한 카테고리(야식)에서 동일한 업소가 8개이상 중복되어 나타나는 경우가 있습니다. 물론 같은 카테고리에서 광고 허용 범위의 제한이 없더라도 같은 카테고리에서 광고의 개수를 제한하지 않는데에 있어서 불편함이 많습니다. 흔히 도배라고 하죠. 이런 것을 막기위해 최소한으로 같은 카테고리의 광고 개수를 제한하는 것을 요청드리고자 합니다. 긴 글 읽어주셔서 감사드리며 감사인사 드립니다. 지금 코로나19시대에 걸맞는 최고의 앱입니다. 항상 수고하시고 응원하겠습니다.
403,406,실수로 결제했을때 2분안에 바로 앱에서 취소할 수 있었으면 좋겠... 너무 늦게 온다는 글을 못보고 결제후 바로 취소할라했더니 취소메뉴가 없어 전화. 근데 번호입력하래서 내번호 내가 입력했는데 자꾸 아니라고함.. 결국 주문들어간듯하여 취소포기.
404,407,사이드 메뉴 누락 한두번까지는 참았는데 다른 메뉴를 보내주는건 못참겠습니다. 가격이 같다고 해도 순살을 시켰는데 다른 메뉴에 뼈있는걸 보내주면 기분이 매우 좋지 않네요. 주문표기가 바뀔수 있는건가요..
405,408,같은 가맹점이 너무 지저분하게 나오니 정신도 없고 매장 찾기가 어렵습니다. 쿠폰도 찾기 어렵고 매장 찾기도 어렵고 주문취소되는 경우도 많아서 요즘 다른앱으로 갈아탔네요. 배달앱이 어려운 기술도 아니고 편의성이 기본이 되지 않으니 사용할 이유가 많지 않습니다. 국내배달앱이라 사용했었는데 이제 외국기업이니 주문 편의성이나 주문취소 보상 등 개선이 꼭 필요해보입니다.
406,409,배달이 안잡혀서 2시간이 넘게 걸리고 음식 다 식어오는데 아무런 조치가 없는게 말이되나요
407,410,역시 우리는 배달의 민족!!잘사용하고 있습니당~다만 1가지 기능이 추가되면 더욱 완벽할것같아 말씀드리려구용~주문내역에서 검색기능도 있었으면 좋겠어요ㅜ과거에 시켰던 곳이 맛있어 키워드로 검색하고 싶어도 기능이 없으니 일일이 찾아봐야하는점이 아쉽네요ㅜ배달을 별도 안시켜먹었다면 쉽게 찾을수있겠지만 자주시켜먹는 사람에게는 데이터가 많아 찾는것도 일이더라구요ㅜㅠ부탁드립니다~~
408,411,"배달의 민족 -> 선물하기 들어가면 흰 바탕만 나옵니다. 삭제 후 재설치, 캐시 및 데이터 삭제, 청소어플로 휴대폰 청소를 해도 결과는 마찬가지입니다. 왜 이러는지 답변 부탁드립니다"
409,412,난 줄곧 배민만 써왔다. 타배달앱에서 쿠폰을 남발해도 나의 귀찮이즘을 이기진 못했고 남발한 쿠폰으로 맛잇게 먹은적이 없어서였다. 매일 계속하는 할인은 자동적용을 시켜주던가! 먀번 받아야만하고....고마운줄 모를거라고??? 나참! 누가 고마워해야하는지 바뀐것 같지만... 처음엔 편의성이 좋고 강했는데... 광고로 낚시나하고... 천생연분 등급 쿠폰은 또 왜 더하기쿠폰인건지... 주지를 말어
410,413,"배민은 채팅상담팀과 상담봇 개발진을 혼내야 할 거 같습니다. 물론 상담량이 많으면 상담이 진행되지 않을 수 있지만, 주문완료 후 해당 채팅방 연결이 매끄럽지 못합니다. 연결은 배달시간 무관하게 완료 후 보통되며 이때 팝업 눌러서 들어가도 채팅이 쳐지지 않음 (보내기 실패). 그러고 얼마 안지나 바로 무응답 종결처리까지... 개발도 더 하고, 채팅전담 인원도 더 뽑는게 어떨까요"
411,414,배달앱을 사용한다는걱 대부분 배달을 시키려고 사용하는 것이다. 근데 배달의민족은 포장도 같이 사용하고 있다. 그래 그건 그렇다 치자. 근데 몇몇 상품은 처음부터 포장으로 체크되어 있었다. 멋모르고 주문시키면 주문이 안온다.... 나중에 알고 찾으러 가야 한다. 처음에 배달로 체크가 되어있어야 하는게 당연한게 아닌가?
412,415,되도않는 배민배달 기능 만들어서 귀찮게하네 이따위로 하면 나도 주문할때 수수료 제공안하고 가게로 다이렉트 전화해드림^^
413,416,"잘사용하고 있습니다 새로 생긴 배민원 상점 리스팅 방식이 불편합니다. 한번에 여러개보고 싶은데 사진이 너무 커서 배달 시간, 배달팁 같은 글씨도 눈에 잘 안 들어옵니다. 대부분 사진대로 안와서 오히려 실망이 큽니다. 전 방식이 좋은 것 같아요 그리고 메뉴별 리뷰 모아보기 기능이 있었으면 좋겠습니다."
414,417,"주문 즉시 가게에서 접수, 접수 즉시 수정 불가, 고객센터 문의량 증가로 수정반영 안됨. 개선해주세요"
415,418,배민앱 오늘처음사용했는데 신규쿠폰혜택 주셔서 덕분에 맛있게배달시켜먹었네요. 너무감사합니다. 관심있는장소 찜하는기능 맘에들어요 따로 찾지않아도 되어서요. 다만 다른분들의 리뷰를 참고할때에 그분들이 주문한메뉴도 같이 표시되었으면해요. 사진만보구선 어떤메뉴인지 잘모르겠더라구요. 앞으로도 잘 이용하겠습니다 :)
416,419,수저 포크 체크하는거 쫌 꺼주면 안되요???깜빡하고 체크 못끄게 되면 손가락으로 먹나요? 필요없는 사람만 주지마라고 클릭하게 바까주세요.
417,420,진짜 이 그지 같은 어플 쓰지 마세요 지인 병문안 가서 음식 시켜서 빨리 받으려고 한집 배달 시켜서 배달비 6000원 가까이 나왔는데 음식은 2시간이 넘어서 배송 왔습니다. ^^ 점심으로 먹으려던게 저녁이 됐네요 가게에도 전화해보니 음식은 진작 나왔는데 배민이 지 꼴릴때 배달을 잡아줘서 3시간 넘어서 잡힌적도 있다네요^^ 이렇게 지들 꼴릴때만 배달 잡아주고. 배달비도 곱빼기로 받아먹으면서도 고객센터는 전화도 안받습니다. 가게 에서도 그냥 가게에 직접 전화해서 배달 주문하는게 훨씬 빠르다고 하네요 ^^ 이 ㅈ 같은 어플 두번 다시는 안쓰겠습니다^^
418,421,"찜매장 구분 좀 해주세요! 대체 언제쯤이면 개선될까요?? 독점이라 해이한건가요? 유명한 앱 치고 결제 관련 부분도 정말 별로고, 앱 구성이 정말 단순합니다. 배민페이 사용절차가 힘들어 안쓰고 있구요. 다른것보다도 찜해놓은 매장들 한식, 양식, 중식, 카페.. 업종별로라도 구분 좀 시켜주세요. ㄱㄴㄷ순으로도 안되어 있고... 찜매장이 한두개도 아닌데, 이름을 전부 외울수도 없고... 매번 찾기가 어려워서 재검색하거나 주문했던 목록에서 찾고 들어갑니다."
419,422,"라이더가 ""배정 되었습니다"" 알림이 있었으면 합니다 음식준비 하는시간이 라이더 잡으면 음식을 준비 하는데 모니터를 보고 있어야 하니 음성으로 알려 주면 좋을것 같습니다"
420,423,배달. 상담이 안 되요. 주문한지 1시간 지나서 업체에 전화를 했더니 고객센터로 전화했더니 전화도 안 받고. 배민 쓰지 마세요. 업체는 매우 좋아요. 배달이 너무 나빠요.
421,424,참 괜찮게 쓰고 있는데.. 검색결과화면에서 슬라이드로 다른 카테고리로 넘어가는 기능 민감도가 너무 높아서 불편해요 배달 카테고리 화면 아래로 내리던 중이었는데 포장으로 갑자기 넘어가고 자주 이러니까 다른 앱을 쓰게 될 정도로 영향이 있습니다 개선 바랍니다
422,425,"나만 겪는지 모르겠는데 검색하려고 타자칠 때 예시로 와플 치려고 타자를 쳤는데 검색창엔 오까지밖에 안 쳐지고 다른 글자들은 써지지않습니다. 그래도 이것만 아니면 편하게 이용은 하고있었어서 매번 메모장같은 거 켜서 거기다가 내가 검색하고 싶은 검색어 다 쓰고 복사 붙여넣기해서 검색합니다. 키보드에 문제가 있던 것도 아니며, 배민 쓰다가 업데이트 하니까 어느새 이런 오류가 생기고, 업데이트를 몇번 더 했었는데 고쳐지지도 않는 거 같더라구요. 겪는 사람이 나밖에 없었던건지.. 뭔지 모르겠는데.. 고쳐졌음 좋겠네요. 배달시킬 때마다 매번 다른 앱 켜서 글자쓰고 복붙하고 그래서;"
423,426,한집 배달 해도 늦고 상담원 연결은 항상 안되고 예상 시간보다 1시간 늦는다고 생각하고 주문해야하는 쓸모없는 쓰레기 어플
424,427,정말좋긴하지만 회원가입창이없습니다.회원가입을 하려는데 전부 로그인창입니다.보시면 답장 부탁드리겠습니다
425,428,"배달시키려고 하는데 장바구니 상태에서 오류나서 결제가 안 되는 상태가 30분째 지속되네요. 저만 그런게 아니고 옆에 여친도 같이 시도하고 있는데 계속 이 상태구요. 어플을 다시 깔아도 안 되구요. 배달음식 주문집중시간에 과부하가 걸리는 건가 싶은데, 이런 시간대에도 원활하게 어플이 돌아가게 운용하는게 당연한거 아닌가요?"
426,429,배민1 자체가 한번에 한 집만 이라는 슬로건으로 진행하는걸로 알고 있는데 일반 배달과 시간 차이가 거의 없습니다. 특히 어쩔 때는 예상시간보다 훌쩍 시간이 지나도 배달이 오지 않아 문의하니 배달 기사가 매칭이 안돼 음식은 다 만들어도 배달이 지연되고 결국 다 식은 음식을 받은 적이 한두번이 아닙니다. 이럴거면 왜 추가요금까지 내면서 배민1을 하는지 모르겠습니다. 한두번 일어난 일이면 그럴 수 있지 라고 생각 하겠지만 너무 자주 이런 문제들이 일어나서 더이상 사용하고 싶어지지 않을 정도네요
427,430,"음식을 배달해 먹는 것이 매장식사보다 가격이 몇천원 비싸고, 브랜드 할인 이벤트가 적용되지 않아도 어차피 차비 따지면 그게 그거다 생각하고 이용했는데, 최소주문금액에 배달비까지 따로 생긴 거 확인 후 방금 삭제했습니다. 그간 편하게 이용했는데 이제는 가격맞추려고 3인분 주문 + 배달비 따지니 혼밥하는 사람이 한끼에 2만원을 넘게 써야하더라구요. 앱자체는 좋아서 그동안 잘 사용했어요. 다만 이제는 제가 쓰긴 힘든 앱이네요. 나중에 동거하거나 결혼하게되면 다시 깔겠습니다."
428,431,"1. 음식점 리스트 중 수수료 가장 비싼 오픈리스트. 기존 랜덤 3개가 최상단에 떴는데 이젠 제한 없음. 오픈리스트 가입하지 않으면 가게가 보여지지 않음. 점주들 수수료 오지게 빼먹으려고 꼼수 오짐; (점주들 위하는척 고객 위하는척 기만도 오짐) 2. 점주들이 고객한테주는 쿠폰도 오픈리스트 가입자만 줄 수 있게함ㅋㅋ;; 오픈리스트에 안올리면 아래에 묻히고, 고객한테 쿠폰 제공도 못하고. 이건 강제고 횡포입니다."
429,432,"톡 상담사분 죄송하지만, 너무 최악입니다. 기본적인 의사소통이 안됩니다. 직업이 상담사인데, 소통에 문제 있는게 아이러니 하네요. 1. 동문서답 2. 가게사장님께 잘못된 내용 전달. 3. 같은 내용 나한테 계속 물어봄. 4. 기다리라 해놓고, 자동종료하겠다고 함{혹시 상담건수로 보너스(?)가 있는건가요...😅} 이런일 신기해서 리뷰남깁니다..."
430,433,구글앱 자동업데이트 모두 꺼놨는데 이 앱은 항상 자체 업데이트가 되는건가요? 어느새 보면 구글앱 업데이트 대기 목록에서도 사라져있고 이상하다싶어 배민앱 들어가보면 지 스스로 ui 바뀌어있고 사용자허가 없이 그냥 설치만 돼있어도 자동업데이트가 되는겁니까? 만약 자동 업데이트된게 맞다면 업데이트라는 영역은 사용자 권한 제한 밖인가요? 꼭 답변 부탁드립니다.
431,434,해도해도 너무합니다. 배민라이더 고객센터 전화도없고 카톡은 3시간째 답 없네요.
432,435,잘 쓰고 있습니다. 하지만 여러 기능이 추가 되었음 합니다. 밑에 분 글 내용처럼 배달팁 낮은 순배열 점주들이 꼼수 쓰지 않게 부탁드리고 가게 오픈 시간 별 필터도 추가 되었음 합니다. 신규 업소도 따로 볼 수 있었음 합니다. 같은 가게들이 중복되어서 신규업소나 다른 곳이 안보이기도 합니다.
433,436,"이벤트성 페이지에서 오류가 종종 발생하는데 실시간 상담같은 cs로 상세한 내용과 분석, 캡쳐까지 포함해 문의를 남겨도 해결이 안됩니다. 대화중 10분이상 대기해야 한마디 답변을 들을 수 있는건 기본이고, 그마저도 제대로 읽어보지도 않고 문제없다는식으로 대충 넘어가려고 하네요. 마지막에는 위에서 했던말 다시 반복하고 일방적으로 상담을 종료해버렸습니다. 메시지가 아예 전송도 안되게 막혀버리더군요. 시장 독과점의 폐혜가 이런건가 새삼 느끼게됩니다."
434,437,특정 지역이 특수한 사유로 배달이 불가능해지면 알려주는 기능이 있으면 좋겠습니다. 약속까지 잡아놓고 돈 모아서 배달 신청했는데 대뜸 '아 우린 못간다'라고 통보 형식으로 취소시키면 어떡합니까. (설령 기능이 있었다고 해도 구석에 박아놓고 사용자들이 알아서 찾아 보라는 것도 말이 안됩니다. 식당에 직접 연락해서 배달해주시는 분들이 해당 지역 배달은 위험해서 취소기킨다는걸 들었습니다. 이걸 식당 사장님한테 전화해서 알아야하는 정보는 아닌거 같습니다.
435,438,4시 이벤트 하면서 주문 에러 서버증설하면 공지라도 날리던가 몇십분을 시도만 하고 있었잖아요. 저같은 사람이 한 둘이 아닐텐데..아까운 내 시간...아... 뛰어난 개발자들 모아놨다는건 그저 홍보용인건지... 시스템 문제를 고객 네트워크 문제라고 하는 애러메시지는 도대체...에혀..모르는 사람들은 자기 폰 문제라고 생각하겠지.
436,439,"안녕하세요 배민을 거의 매우 이용하는 사람입니다. 한 가지 건의사항이 있어서 리뷰를 남겨봅니다. 현재 다양한 기능이 생기면서 많이 편리해졌습니다. 하지만 배달팁 2,000원 이하 1,000원 이하를 설정해도. 배달팁 0~4,000 이런 가게도 검색이 됩니다. 1인분만 시켜먹는 저로썬 상당히 쓸모 없고 불편합니다. 그래서 건의하고 싶은 내용은 최소 배달팁, 최대 배달팁 항목이 추가되어 최소 1,000원 이하 ~ 최대 2,000원 이하 이런식으로 설정해 배달팁 1,000원 ~ 3,000원으로 등록된 가게들은 출력이 안되도록 했으면 좋겠습니다."
437,440,이용이 간편해서 대부분 배민만 사용했었는데 얼마 전 업데이트 후부터는 일정시간대에 앱 주문이 안되고 전화주문만 되는군요. 업체에게 좋은 기능인지 뭔지는 모르겠지만 소비자입장으로서는 불편하기만하고 딱히 배민을 쓸 이유가 없어졌습니다. 어차피 전화로 주문할꺼면 찌라시도 충분하고 쿠폰도 넘쳐나니까요. 하루 빨리 수정이 되었으면 좋겠네요.
438,441,"현재 제공되고 있지 않으나 필요한 기능들 몇 가지 건의 드립니다. 1) 내 리뷰 중 특정 식당 검색 - 작성 리뷰가 500개 넘어가는 유저로서 예전에 주문했을 때 어떻게 느꼈던 곳인지 확인이 어렵네요ㅠ 식당 리뷰도 많고 제 리뷰도 많아서 특정 식당에 제가 남긴 리뷰를 보기가 거의 불가능해요 2) 식당 리뷰 중 특정 메뉴 주문자 리뷰만 보기 - 다른 분들도 많이 언급하신 기능인데, 궁금하거나 주문하고자 하는 메뉴를 시킨 분들의 리뷰을 모아보고 싶습니다 3) 찜 100개 이상 기능 - 보여지는 식당들을 취소하면 더 예전에 찜한 식당들도 보이는 것은 알고 있지만, 취소할 곳이 없을 때를 위해 100개 이상 디스플레이가 가능했으면 좋겠습니다. 큰 차이가 아니라도, 120-150개 정도로라도 늘려주시면 좋을 것 같아요"
439,442,베타버전 목적지 상부표시도 좋은데 한가지 더 부탁드리자면 정북방향 버튼도 있으면 좋을것같아요 회전하다가 멈추면 방향감각이 ㅠㅠ
440,443,첫주문 할인이 쿠폰을 가지고 있어도 첫번째로 주문해야 적용 되는 것 같더군요. 심지어 할인 적용 하기까지 검정색으로 활성화 표시가 되어 있는데도 누르면 적용 안되는게 불합리한 부분이라 생각됩니다. 두가지 시키려고 했는데 시키는 순서 때문에 할인 적용을 못받게 되어 아쉽습니다.
441,444,라이더의 오배달은 이해하겠습니다만. 두시간 반동안 기다렸고 그중 한시간은 고객센터 연결하느라 썼네요ㅋㅋ 음식점에서도 배민과연결이 안되어서 취소도 못하고.. 전화 15통 이상에 고객센터 연결만 한시간반 걸렸습니다. 제목은 실시간 채팅상담이라는 문자 상담은 아직도 답이 없고요ㅋㅋㅋ (한시간반을 보통 실시간이라고하는지?) 겨우통화되어서는 그냥 만원먹고 떨어지라는 식이네요. 정말 황당합니다ㅋㅋ 주신 만원 잘쓰겠습니다^^ 그리고 탈퇴해야겠네요 쿠팡**/요기*/지역배달등 많습니다. 굳이 배달비도 비싼곳 이따위 서비스하는데 굳이 쓰지마시길. 진짜 서비스는 최악의 배달어플인듯합니다.
442,445,배민앱 잘 쓰고 있어요. 그런데 배달해주시는 분들이 영수증 떼는 기계를 들고 다니지도 않으면서 앱에서 영수증 발급 버튼이 정상 동작하지 않으면 어쩌자는건지 모르겠습니다. 멀리 떨어진 가게에 직접 가서 받으라는 건가요; 여태까지 만나서 결제를 해도 항상 영수증 발급이 잘 됐는데 딱 어제 결제한 내역이 안되길래 상담문의 했더니 상담원 분이 바로 결제할 때만 영수증 발급 된다고 하시고. 시일이 지난 영수증이 출력 안 되는 건 이해하겠는데 도대체 영수증 발급은 어떻게 해야지 나오는 버튼인가요 당최. 이래갖고 회사 야식 주문할 수 없을 것 같네요.
443,446,배민 초창기부터 사용하는 이용자입니다 배달 어플중에선 가장 좋아요 한가지 제안사항이 있는데 매장별 리뷰를 보면 사진과 함께 남기잖아요? 일반적으로 평을 보고 주문하는 편인데 사진만 봐선 사람들 뭐를 주문한건지 모르겠고 매장에 전화해서 몇번째 사진 메뉴가 뭐예요 물어보기도 애매하고.. 애초에 리뷰 달 때 어떤 메뉴를 주문했는지 상단에 정보도 같이 기재되면 좋겠어요. 이 메뉴는 이렇게 나오는구나 사진만 보고도 알수있게끔.
444,447,예전에는 보기 편햇는데 요즘은 한집배달 알뜰배달 미관상 별로임.. 딱보이긴하지만 더 복잡해보이고 그럼..
445,448,배민 상품권을 왜 만든건지 도저히 모르겠네요 결제 항목에 선물함이 있다는데 보이지도 않고 상품권을 어떻게 쓰는건지 나와있지도 않고 너무 생각없이 기능을 만든거 같네요
446,449,불편한게 너무 많습니다. 결제 방법 바꾸기 누르면 멈추는 현상부터 이제는 결재 눌렀는데 배달팁 계산중이라는 오류만 계속 뜹니다. 모든 프로그램은 버그 잡는 것부터 시작입니다. 일좀 해주세요. 편의기능 이런거 좋습니다. 좋은데 없어도 지금 대충 쓸 수 있어요. 근데 결재도 안되고 결재방법이 안 바뀌는건 쓸 수가 없습니다.
447,450,배달 시키면 기본이 1시간 이상씩 걸리는 앱이 배달전문이라니... 식당에 전화해서 문의해도 배차가 늦어져서 오래 걸리는 거라는데 차라리 다른앱을 쓰고만다
448,451,알뜰배달.한집배달 예상시간보다 실제 배달시간이 너무 늦음... 한번은 이해했는데 두번 연속임.
449,452,"배민 알뜰배달, 한집배달 이런건 왜 만들었나요? 한두번도 아니고, 늦은 시간인 기사님들이 퇴근해서 많이 안다니실때라는 답변을 할거면 배달배너를 비활성화 시키던지요.... 무슨 밥을 새벽에 먹으라고 하는건지 가게도 퇴근 못하고 손님은 밥도 못먹고 요기요도 별론데 여긴 더 별로네요"
450,453,리뷰 쓰기 누를 때마다 오류떠서 화면 계속 새로고침 해야함 그리고 리뷰보려고 할때 이미지 로딩 개느림 그것만 개선되도 좋을듯
451,454,식당에 바로 연락가능하게끔 안되어있어서 개불편하고 사장님이 눈와서 배달이 밀린다고하길래 취소하겠다고해도 배민에서 취소할수있는방법이없어요. 전화량이 많아 통화가 어렵다고하면 끝인지?ㅋㅋㅋ나보고 어쩌라는건지. 순차적으로 처리하는것도 아니고 계속 취소요청해야하냐? 대응 진짜 그지같아요 진심으로 욕하고싶을정도
452,455,"주문하고 배달메뉴 변경하려고 하니까 통화량많아서 다음에 연락 다시하라고만 통보하고, 주문한곳엔 배민측에서 취소하라하고 결국엔 주문한거 변경도못하고 그대로 배달받았네요 오랜만에 배달시켜먹는데 실망이큽니다 ㅡㅡ"
453,456,앱 개발이나 서버 관리 담당 부서와 직통으로 연결 가능한 이메일 주소 같은건 없나요? 고객센터와는 대화가 안통해서 서버쪽 연결 불가 문제에 관해 담당 부서와 직접 얘기를 했으면 하는데요.
454,457,"선착순이벤트 피해자입니다.밑에 결제취소된분들은 운이좋은겁니다.저는 결제시 결제카드옆에 3000원할인있는거보고,결제진행했는데,결제하고보니 할인안되서 연락바로했는데,결제하는사이에 선착순이다된거같다고매장에서 음식준비들어갔다고 취소도안된다고 하더라고요.담당자가연락준다고했는데,연락안왔네요. 이건 이벤트가 아니라 장난질같네요."
455,458,우선 배달업체 광고가 너무 많습니다. 두번째는 주문직전 주소바꾸기 안되는게 매우매우매우 불편합니다.(메인메뉴로가야되서) 평점은 몇일 뒤에도 남길수 있도록해주세요. 서비스 엉망인 곳 화나고 참다가 알리려하는데 시간이 초과되서 안되는데. 몇일 유예를 주시면 좋겠습니다. 그래도 잘 쓰고있습니다. 감사합니다.
456,459,"배민 쭉 써왔고 쓴소리 하나 하려합니다. 중간다리 플랫폼으로서 식당/유저 사이 중재자 역할을 하는 것이라면, 양쪽의 편의성을 제고하는 방향이어야죠. 전체 주문 중 일부 음식만 이상이 있어서 부분환불을 원하는데, 일부취소가 매우 복잡하게 되어 있는 시스템이라(재주문 필요) 식당이 일부취소를 포기하게 만드시네요? 전체 환불해주시겠다는데 그건 말도 안되게 식당 손해이신 것 같아서, 식당과 직접 전화해서 해결하는 중인데요. 앱 개선 제대로 하세요. --- 답변 보고 리뷰 보충하는데요. 저는 지금 고객센터 활용법을 문의/cs 센터에 불만을 제기하는게 아니라(실시간채팅 저도 알아요), 주문 내용의 일부취소가 되지 않고 전체취소 -> 재주문 이라는 방식을 통해 실질적인 일부취소를 우회적으로 만들어내야 하는 현 시스템 개선을 요구하는 것입니다. 우회적으로 일부취소를 해야하는 번거로움 때문에 여러 음식 중 하나의 음식에만 문제가 있는 경우라도, 전체취소를 해서 식당이 손해를 보고 있는 현실이에요"
457,460,업데이트된거 디자인 너무 불편해요. 배민1 부분에서 음식점 둘러보는데 빨리 한거번에 여러음식점 종류 보는게 관건인데.. 이건 뭐;; 음식점 소개 칸이 너무 크니까 스크롤할때 정신없고 손아프고요. 공간 낭비심해요. 전처럼 한번에 여러개 음식 볼수있게해주새요 짜증나요.. 아니 배고플때 간단하게 여러 음식점 봐야하는데 진짜 불편하고 이상해요.
458,461,첫주문도 아닌데 첫주문 할인받으로 광고 계속오고 친구초대 하려하니까 주문내역이 없다고 친추 불가하다고 뜨면 어쩌라는겁니까 주문한 적이 있는데 주문내역 없다고 친구초대가 불가능하면 친추기능은 왜 만들어놓은거야
459,462,메뉴 잘못와서 문의하는데 채팅 답변하는데만 20분 걸림 메뉴 다시받는데 1시간 걸림 이거 리뷰쓰고 어플 삭제
